3d834eff7e8a7b251a7a426a118c3fe872b3d44b,,Remainder,,52,0,0,0,,
,,Done,,400,452,452,452,,
,,%Done,,88.5%,100.0%,100.0%,100.0%,,
,,#Yes,,,32,,,,
File,Line,Variable,Link,Type,IsolateBound?,InitOnce?,ThreadSafe?,Notes,
third_party/blink/common/cache_storage/cache_storage_utils.cc,20,static base::AtomicSequenceNumber seq;,Link,Local,No,No,Yes,,
third_party/blink/common/experiments/memory_ablation_experiment.cc,47,static auto* instance = new MemoryAblationExperiment();,Link,Local,No,No,Yes,Singleton,
third_party/blink/common/origin_trials/trial_token_validator.cc,20,static base::NoDestructor<base::RepeatingCallback<blink::OriginTrialPolicy*()>>,Link,Local,No,Yes,No,Initialized in main,
third_party/blink/common/feature_policy/feature_policy.cc,334,static base::NoDestructor<FeatureList> default_feature_list(,Link,Local,No,Yes,Yes,Should be const,
third_party/blink/common/frame/user_activation_state_unittest.cc,28,static base::TimeTicks now_ticks_;,Link,Member,No,No,Yes,For testing,
third_party/blink/common/mime_util/mime_util.cc,176,static base::LazyInstance<MimeUtil>::Leaky g_mime_util =,Link,Global,No,Yes,Yes,Should be const,
third_party/blink/public/common/device_memory/approximated_device_memory.h,31,static float approximated_device_memory_gb_;,Link,Member,No,Yes,Yes,,
third_party/blink/public/common/device_memory/approximated_device_memory.h,32,static int64_t physical_memory_mb_;,Link,Member,No,Yes,Yes,,
third_party/blink/public/platform/web_prerendering_support.h,68,static WebPrerenderingSupport* platform_;,Link,Member,Yes,Yes,No,Singleton,WebPrerenderingSupport::Initialize
third_party/blink/renderer/bindings/core/v8/script_promise_resolver_test.cc,212,static int destructor_calls_;,Link,Member,Yes,No,Yes,For testing,
third_party/blink/renderer/bindings/core/v8/script_promise_resolver.cc,44,static crash_reporter::CrashKeyString<1024> trace_key(,Link,Local,No,Yes,No,Never used?,
third_party/blink/renderer/bindings/core/v8/script_streamer.h,133,static size_t small_script_threshold_;,Link,Member,No,Yes,Yes,Should be constexpr,
third_party/blink/renderer/bindings/core/v8/serialization/serialized_script_value_factory.h,66,static SerializedScriptValueFactory* instance_;,Link,Member,No,Yes,No,Singleton stateless,
third_party/blink/renderer/bindings/core/v8/serialization/serialized_script_value_fuzzer.cc,30,DummyPageHolder* g_page_holder = nullptr;,Link,Global,No,No,N/A,Fuzzer for testing,
third_party/blink/renderer/bindings/core/v8/serialization/serialized_script_value_fuzzer.cc,31,WebBlobInfoArray* g_blob_info_array = nullptr;,Link,Global,No,No,N/A,Fuzzer for testing,
third_party/blink/renderer/bindings/core/v8/serialization/serialized_script_value_fuzzer.cc,43,static BlinkFuzzerTestSupport fuzzer_support =,Link,Local,No,No,N/A,Fuzzer for testing,
third_party/blink/renderer/bindings/core/v8/v8_code_cache.cc,36,static uint32_t v8_cache_data_version =,Link,Local,No,Yes,Yes,Should be constexpr,
third_party/blink/renderer/bindings/core/v8/v8_initializer.cc,565,static int64_t process_total = 0;,Link,Local,Yes,No,No,Probably isolate bound,
third_party/blink/renderer/bindings/core/v8/v8_script_runner_test.cc,113,static int counter_;,Link,Member,No,No,N/A,For testing,
third_party/blink/renderer/bindings/templates/origin_trial_features_for_core.cc.tmpl,14,InstallOriginTrialFeaturesFunction g_old_install_origin_trial_features_function =,Link,Global,No,Probably,Yes,Should be DEFINE_STATIC_LOCAL,
third_party/blink/renderer/bindings/tests/results/core/origin_trial_features_for_core.cc,29,InstallOriginTrialFeaturesFunction g_old_install_origin_trial_features_function =,Link,Global,No,Probably,Yes,Should be DEFINE_STATIC_LOCAL,
third_party/blink/renderer/bindings/tests/results/core/v8_test_interface_2.h,98,static InstallTemplateFunction install_v8_test_interface_2_template_function_;,Link,Member,No,Probably,Yes,Should be DEFINE_STATIC_LOCAL,
third_party/blink/renderer/bindings/tests/results/core/v8_test_interface_check_security.cc,196,static int dom_template_key; // This address is used for a key to look up the dom template.,Link,Local,No,Yes,Yes,,
third_party/blink/renderer/bindings/tests/results/core/v8_test_interface_check_security.cc,239,static int dom_template_key; // This address is used for a key to look up the dom template.,Link,Local,No,Yes,Yes,,
third_party/blink/renderer/bindings/tests/results/core/v8_test_interface_check_security.cc,282,static int dom_template_key; // This address is used for a key to look up the dom template.,Link,Local,No,Yes,Yes,,
third_party/blink/renderer/bindings/tests/results/core/v8_test_interface_check_security.cc,325,static int dom_template_key; // This address is used for a key to look up the dom template.,Link,Local,No,Yes,Yes,,
third_party/blink/renderer/bindings/tests/results/core/v8_test_interface_check_security.cc,465,static int dom_template_key; // This address is used for a key to look up the dom template.,Link,Local,No,Yes,Yes,,
third_party/blink/renderer/bindings/tests/results/core/v8_test_interface_constructor.cc,454,static int dom_template_key; // This address is used for a key to look up the dom template.,Link,Local,No,Yes,Yes,,
third_party/blink/renderer/bindings/tests/results/core/v8_test_interface_event_target.cc,115,static int dom_template_key; // This address is used for a key to look up the dom template.,Link,Local,No,Yes,Yes,,
third_party/blink/renderer/bindings/tests/results/core/v8_test_interface_named_constructor_2.cc,124,static int dom_template_key; // This address is used for a key to look up the dom template.,Link,Local,No,Yes,Yes,,
third_party/blink/renderer/bindings/tests/results/core/v8_test_interface_named_constructor.cc,199,static int dom_template_key; // This address is used for a key to look up the dom template.,Link,Local,No,Yes,Yes,,
third_party/blink/renderer/bindings/tests/results/core/v8_test_interface.h,266,static InstallTemplateFunction install_v8_test_interface_template_function_;,Link,Member,No,Probably,Yes,Should be DEFINE_STATIC_LOCAL,
third_party/blink/renderer/controller/blink_initializer.cc,80,Thread::TaskObserver* g_end_of_task_runner = nullptr;,Link,Global,Yes,Yes,No,"Singleton, Probably isolate bound",blink::Initialize
third_party/blink/renderer/controller/memory_usage_monitor_android.cc,26,static MemoryUsageMonitor* g_instance_for_testing = nullptr;,Link,Global,Yes,Yes,No,"Singleton, for testing",
third_party/blink/renderer/controller/memory_usage_monitor_android.cc,51,static size_t page_size = getpagesize();,Link,Local,No,Yes,Yes,Should be constexpr,
third_party/blink/renderer/controller/oom_intervention_impl.cc,34,static OomInterventionState current_state = OomInterventionState::None;,Link,Local,No,No,No,UpdateStateCrashKey is a non-thread-safe global function,
third_party/blink/renderer/controller/oom_intervention_impl.cc,43,static auto* crash_key = base::debug::AllocateCrashKeyString(,Link,Local,No,Yes,Yes,Should be const,
third_party/blink/renderer/core/accessibility/ax_object_cache.h,158,static AXObjectCacheCreateFunction create_function_;,Link,Member,No,Yes,Yes,Function pointer initialized from third_party/blink/renderer/modules/modules_initializer.cc,
third_party/blink/renderer/core/animation/animation_clock_test.cc,51,static double mock_time_;,Link,Member,No,No,No,Test-only mock time.,
third_party/blink/renderer/core/animation/animation_clock.h,73,static unsigned currently_running_task_;,Link,Member,No,No,No,Scoped state,
third_party/blink/renderer/core/animation/animation.cc,65,static unsigned next = 0;,Link,Local,No,No,No,Can be made thread-safe with AtomicSequenceNumber,
third_party/blink/renderer/core/clipboard/dragged_isolated_file_system.h,28,static FileSystemIdPreparationCallback prepare_callback_;,Link,Member,No,Yes,Yes,Function pointer initialized from third_party/blink/renderer/modules/modules_initializer.cc,
third_party/blink/renderer/core/core_initializer.cc,74,static bool is_registered = false;,Link,Local,No,No,No,Tracks whether a global thread-safe object was created.,
third_party/blink/renderer/core/core_initializer.h,134,static CoreInitializer* instance_;,Link,Member,No,Yes,Yes,We need to check whether CoreInitializer initalizes isolate-bound objects.,
third_party/blink/renderer/core/css/css_paint_image_generator.cc,11,CSSPaintImageGenerator::CSSPaintImageGeneratorCreateFunction g_create_function =,Link,Global,No,Yes,Yes,Function pointer initialized from third_party/blink/renderer/modules/modules_initializer.cc,
third_party/blink/renderer/core/css/css_paint_value_test.cc,76,MockCSSPaintImageGenerator* g_override_generator = nullptr;,Link,Global,No,No,No,Test-only,
third_party/blink/renderer/core/css/font_face_cache.cc,144,static base::AtomicSequenceNumber g_version;,Link,Local,No,No,Yes,,
third_party/blink/renderer/core/css/invalidation/invalidation_set.cc,44,static const unsigned char* g_tracing_enabled = nullptr;,Link,Global,No,No,Yes,Tracing - Non-thread-safe initialization which always leads to the same value,
third_party/blink/renderer/core/css/invalidation/style_invalidator.cc,25,static const unsigned char* g_style_invalidator_tracing_enabled = nullptr;,Link,Global,No,No,Yes,Tracing - Non-thread-safe initialization which always leads to the same value,
third_party/blink/renderer/core/css/media_query_evaluator.cc,67,static FunctionMap* g_function_map;,Link,Global,No,Yes,Yes,Map of function pointers initialized from third_party/blink/renderer/core/core_initializer.cc,
third_party/blink/renderer/core/css/parser/css_parser_fast_paths_fuzzer.cc,12,static blink::BlinkFuzzerTestSupport test_support =,Link,Local,No,No,Yes,Fuzzer for testing,
third_party/blink/renderer/core/css/parser/css_parser_proto_fuzzer.cc,23,static Converter converter = Converter();,Link,Local,No,No,Yes,Fuzzer for testing,
third_party/blink/renderer/core/css/parser/css_parser_proto_fuzzer.cc,24,static blink::BlinkFuzzerTestSupport test_support =,Link,Local,No,No,Yes,Fuzzer for testing,
third_party/blink/renderer/core/css/resolver/selector_filter_parent_scope.h,44,static SelectorFilterParentScope* current_scope_;,Link,Member,No,No,No,Scoped state,
third_party/blink/renderer/core/css/style_attribute_mutation_scope.h,49,static unsigned scope_count_;,Link,Member,No,No,No,Scoped state,
third_party/blink/renderer/core/css/style_attribute_mutation_scope.h,50,static AbstractPropertySetCSSStyleDeclaration* current_decl_;,Link,Member,No,No,No,Scoped state,
third_party/blink/renderer/core/css/style_attribute_mutation_scope.h,51,static bool should_notify_inspector_;,Link,Member,No,No,No,Scoped state,
third_party/blink/renderer/core/css/style_attribute_mutation_scope.h,52,static bool should_deliver_;,Link,Member,No,No,No,Scoped state,
third_party/blink/renderer/core/css/style_environment_variables.cc,49,static auto* instance = new StyleEnvironmentVariables::RootOwner();,Link,Local,No,No,No,Has children that represent the styles of documents,
third_party/blink/renderer/core/css/style_property_shorthand_custom.cc,47,static StylePropertyShorthand webkit_animation_longhands_for_parsing(,Link,Local,No,Yes,Yes,I made it constexpr and it worked! TODO(fdoray): Land this,
third_party/blink/renderer/core/css/style_property_shorthand_custom.cc,60,static StylePropertyShorthand transition_longhands(,Link,Local,No,Yes,Yes,I made it constexpr and it worked! TODO(fdoray): Land this,
third_party/blink/renderer/core/css/style_sheet_contents_fuzzer.cc,12,static blink::BlinkFuzzerTestSupport test_support =,Link,Local,No,No,Yes,Fuzzer for testing,
third_party/blink/renderer/core/dom/document_lifecycle.cc,42,static DocumentLifecycle::DeprecatedTransition* g_deprecated_transition_stack =,Link,Global,No,No,No,Scoped state,
third_party/blink/renderer/core/dom/document_lifecycle.cc,47,static unsigned g_allow_throttling_count = 0;,Link,Global,No,No,No,Scoped state,
third_party/blink/renderer/core/dom/document.cc,542,static bool g_threaded_parsing_enabled_for_testing = true;,Link,Global,No,No,Yes,For testing,
third_party/blink/renderer/core/dom/document.h,1806,static uint64_t global_tree_version_;,Link,Member,No,No,No,Global counter,
third_party/blink/renderer/core/dom/events/event_dispatch_forbidden_scope.h,53,CORE_EXPORT static unsigned count_;,Link,Member,No,No,No,Scoped state,
third_party/blink/renderer/core/dom/events/scoped_event_queue.h,66,static ScopedEventQueue* instance_;,Link,Member,Yes,No,No,Not scoped at all! - Holds MakeGarbageCollected<HeapVector<Member<Event>>>(),
third_party/blink/renderer/core/dom/mutation_observer.cc,86,static unsigned g_observer_priority = 0;,Link,Global,No,No,No,Counter to generate ids,
third_party/blink/renderer/core/dom/node_child_removal_tracker.h,53,CORE_EXPORT static NodeChildRemovalTracker* last_;,Link,Member,No,No,No,Scoped state,
third_party/blink/renderer/core/dom/qualified_name.cc,51,  static QualifiedNameCache* g_name_cache = new QualifiedNameCache;,Link,Global,Yes,No,No,,
third_party/blink/renderer/core/dom/range.cc,103,static int scope_count_;,Link,Member,No,No,No,Scoped state,
third_party/blink/renderer/core/dom/range.cc,109,static Range* current_range_;,Link,Member,No,No,No,Scoped state,
third_party/blink/renderer/core/dom/tree_ordered_map.cc,47,static int g_remove_scope_level = 0;,Link,Global,No,No,No,Scoped state,
third_party/blink/renderer/core/dom/tree_scope_adopter.cc,127,static bool g_did_move_to_new_document_was_called = false;,Link,Global,No,No,No,Scoped state,
third_party/blink/renderer/core/dom/tree_scope_adopter.cc,128,static Document* g_old_document_did_move_to_new_document_was_called_with =,Link,Global,No,No,No,Scoped state,
third_party/blink/renderer/core/dom/user_gesture_indicator.h,108,static UserGestureToken* root_token_;,Link,Member,No,No,No,Scoped state,
third_party/blink/renderer/core/dom/weak_identifier_map.h,71,static IdentifierType last_id = 0;,Link,Local,Yes,No,No,Counter to generate ids,
third_party/blink/renderer/core/editing/commands/smart_replace_cf.cc,37,static CFMutableCharacterSetRef pre_smart_set = nullptr;,Link,Local,No,No,No,Should be ThreadSpecific if we have multiple main threads,
third_party/blink/renderer/core/editing/commands/smart_replace_cf.cc,38,static CFMutableCharacterSetRef post_smart_set = nullptr;,Link,Local,No,No,No,Should be ThreadSpecific if we have multiple main threads,
third_party/blink/renderer/core/editing/commands/smart_replace_icu.cc,50,static USet* pre_smart_set = nullptr;,Link,Local,No,No,No,Should be ThreadSpecific if we have multiple main threads,
third_party/blink/renderer/core/editing/commands/smart_replace_icu.cc,51,static USet* post_smart_set = nullptr;,Link,Local,No,No,No,Should be ThreadSpecific if we have multiple main threads,
third_party/blink/renderer/core/editing/commands/undo_step.cc,20,uint64_t g_current_sequence_number = 0;,Link,Global,No,No,No,Counter to generate ids. Should be ThreadSpecific if we have multiple main threads,
third_party/blink/renderer/core/editing/editing_style.h,77,static float no_font_delta_;,Link,Member,No,Yes,Yes,Constexpr,
third_party/blink/renderer/core/editing/iterators/text_searcher_icu.cc,73,static ICULockableSearcher searcher(CreateSearcher());,Link,Local,No,No,No,Should be ThreadSpecific if we have multiple main threads,
third_party/blink/renderer/core/editing/markers/suggestion_marker_replacement_scope.h,24,static bool currently_in_scope_;,Link,Member,No,No,No,Scoped state,
third_party/blink/renderer/core/editing/markers/suggestion_marker.h,46,static int32_t current_tag_;,Link,Member,No,No,No,Counter to generate ids. Could be ThreadSpecific or AtomicSequenceNumber if we have multiple main threads,
third_party/blink/renderer/core/events/ui_event_with_key_state.h,91,static bool new_tab_modifier_set_from_isolated_world_;,Link,Member,Yes,No,No,Whether Cmd/Ctrl is pressed to open link in new tab. NOTE(fdoray): More tricky.,
third_party/blink/renderer/core/exported/web_custom_element.cc,44,int g_embedder_names_allowed_count = 0;,Link,Global,No,No,No,Scoped state,
third_party/blink/renderer/core/exported/web_dev_tools_agent_impl.cc,216,static ClientMessageLoopAdapter* instance_;,Link,Member,Yes,No,No,Knows about frames,
third_party/blink/renderer/core/exported/web_document.cc,69,static unsigned counter = 0;,Link,Local,No,No,No,Counter to generate ids. Could be ThreadSpecific or AtomicSequenceNumber if we have multiple main threads,
third_party/blink/renderer/core/exported/web_local_frame_client.cc,13,static service_manager::InterfaceProvider* interface_provider = []() {,Link,Local,No,Yes,No,Mojo,
third_party/blink/renderer/core/exported/web_plugin_container_test.cc,1424,static WebRect topmost_rect(10,Link,Local,No,Yes,Yes,I made it constexpr.,
third_party/blink/renderer/core/exported/web_view_impl.cc,232,static bool g_should_use_external_popup_menus = false;,Link,Global,No,Yes,Yes,Global state set once in RenderThreadImpl::Init(),
third_party/blink/renderer/core/exported/web_view_impl.cc,2617,static bool viewport_disables_gpu_raster = base::FeatureList::IsEnabled(,Link,Local,No,Yes,Yes,"Caches base::Feature, Should be const",
third_party/blink/renderer/core/feature_policy/feature_policy_attr_fuzzer.cc,17,static blink::BlinkFuzzerTestSupport test_support =,Link,Local,No,No,Yes,Fuzzer for testing,
third_party/blink/renderer/core/feature_policy/feature_policy_fuzzer.cc,17,static blink::BlinkFuzzerTestSupport test_support =,Link,Local,No,No,Yes,Fuzzer for testing,
third_party/blink/renderer/core/feature_policy/feature_policy_value_fuzzer.cc,24,static blink::BlinkFuzzerTestSupport test_support =,Link,Local,No,No,Yes,Fuzzer for testing,
third_party/blink/renderer/core/frame/csp/content_security_policy_fuzzer.cc,17,DummyPageHolder* g_page_holder = nullptr;,Link,Global,No,No,No,Fuzzer for testing,
third_party/blink/renderer/core/frame/csp/content_security_policy_fuzzer.cc,20,static BlinkFuzzerTestSupport test_support = BlinkFuzzerTestSupport();,Link,Local,No,No,Yes,Fuzzer for testing,
third_party/blink/renderer/core/frame/frame_test_helpers.h,419,static int loads_in_progress_;,Link,Member,No,No,No,Test-only,
third_party/blink/renderer/core/frame/local_frame_view.cc,223,static bool g_initial_track_all_paint_invalidations = false;,Link,Global,No,No,Yes,Only mutated in tests,
third_party/blink/renderer/core/frame/web_frame_widget_base.h,195,static bool ignore_input_events_;,Link,Member,No,No,No,Scoped state,
third_party/blink/renderer/core/frame/web_local_frame_impl.cc,270,static int g_frame_count = 0;,Link,Global,Yes,No,No,Number of frames. We probably want to count frames per isolate. NOTE(fdoray): More tricky.,
third_party/blink/renderer/core/fullscreen/fullscreen.cc,327,static bool running_request_fullscreen_;,Link,Member,No,No,No,Scoped state,
third_party/blink/renderer/core/fullscreen/scoped_allow_fullscreen.h,26,static base::Optional<Reason> reason_;,Link,Member,No,No,No,Scoped state,
third_party/blink/renderer/core/html/canvas/html_canvas_element.h,402,static intptr_t global_gpu_memory_usage_;,Link,Member,Yes,No,No,Stats for html canvas. Should be per isolate.,
third_party/blink/renderer/core/html/canvas/html_canvas_element.h,403,static unsigned global_accelerated_context_count_;,Link,Member,Yes,No,No,Stats for html canvas. Should be per isolate.,
third_party/blink/renderer/core/html/custom/ce_reactions_scope.h,39,static CEReactionsScope* top_of_stack_;,Link,Member,No,No,No,Scoped state,
third_party/blink/renderer/core/html/custom/v0_custom_element_processing_stack.h,85,static wtf_size_t element_queue_start_;,Link,Member,No,No,No,Scoped state,
third_party/blink/renderer/core/html/custom/v0_custom_element_processing_stack.h,89,static wtf_size_t element_queue_end_;,Link,Member,No,No,No,Scoped state,
third_party/blink/renderer/core/html/forms/email_input_type.cc,85,static icu::IDNA* idna =,Link,Local,No,Yes,Yes,Object on which only const methods are invoked,
third_party/blink/renderer/core/html/forms/html_form_control_element.cc,52,static unsigned next_free_unique_id = 0;,Link,Local,Yes,No,No,Counter to generate ids.,
third_party/blink/renderer/core/html/forms/html_form_element.cc,83,static unsigned next_nique_renderer_form_id = 0;,Link,Local,Yes,No,No,Counter to generate ids.,
third_party/blink/renderer/core/html/html_frame_owner_element.h,92,static int suspend_count_;,Link,Member,No,No,No,Scoped state,
third_party/blink/renderer/core/html/media/html_media_element.cc,384,static base::debug::CrashKeyString* content_type_crash_key =,Link,Local,No,Yes,Yes,,
third_party/blink/renderer/core/html/media/html_media_source.h,77,static URLRegistry* registry_;,Link,Member,Yes,No,No,Pointer to the instance created in DEFINE_STATIC_LOCAL https://cs.chromium.org/chromium/src/third_party/blink/renderer/modules/mediasource/media_source_registry.cc?l=40&rcl=ea1351fcbe0a9cbde11a4ee843e1e96e5857c3c1,
third_party/blink/renderer/core/html/parser/html_preload_scanner_fuzzer.cc,39,static BlinkFuzzerTestSupport test_support = BlinkFuzzerTestSupport();,Link,Local,No,No,Yes,Fuzzer for testing,
third_party/blink/renderer/core/html/parser/html_tokenizer_fuzzer.cc,18,static BlinkFuzzerTestSupport test_support = BlinkFuzzerTestSupport();,Link,Local,No,No,Yes,Fuzzer for testing,
third_party/blink/renderer/core/html/parser/html_tree_builder.cc,465,static PrefixedNameToQualifiedNameMap* case_map = nullptr;,Link,Local,No,Yes,No,Should be const,
third_party/blink/renderer/core/html/parser/html_tree_builder.cc,480,static PrefixedNameToQualifiedNameMap* case_map = nullptr;,Link,Local,No,Yes,No,Should be const,
third_party/blink/renderer/core/html/parser/html_tree_builder.cc,518,static PrefixedNameToQualifiedNameMap* map = nullptr;,Link,,No,Yes,No,Should be const,
third_party/blink/renderer/core/html/parser/text_resource_decoder_fuzzer.cc,14,static BlinkFuzzerTestSupport test_support = BlinkFuzzerTestSupport();,Link,,No,No,Yes,Fuzzer for testing,
third_party/blink/renderer/core/input/context_menu_allowed_scope.cc,9,static unsigned g_context_menu_allowed_count = 0;,Link,Global,No,No,No,Scoped state,
third_party/blink/renderer/core/input/keyboard_event_manager.cc,514,static OverrideCapsLockState g_override_caps_lock_state;,Link,Global,No,No,Yes,Only mutated in tests,
third_party/blink/renderer/core/inspector/identifiers_factory.cc,43,static base::AtomicSequenceNumber last_used_identifier;,Link,,No,No,Yes,Already thread-safe.,
third_party/blink/renderer/core/inspector/inspector_css_agent.cc,108,int g_frontend_operation_counter = 0;,Link,Global,No,No,No,Scoped state,
third_party/blink/renderer/core/inspector/inspector_layer_tree_agent.h,104,static unsigned last_snapshot_id_;,Link,Member,Yes,No,No,Counter to generate ids.,
third_party/blink/renderer/core/inspector/main_thread_debugger.h,120,static MainThreadDebugger* instance_;,Link,Member,Yes,No,No,Pointer to instance initialized in V8Initializer::InitializeMainThread,
third_party/blink/renderer/core/intersection_observer/intersection_observer.cc,143,static bool throttle_delay_enabled = true;,Link,,No,No,Yes,Only mutated in tests,
third_party/blink/renderer/core/layout/layout_block_flow_line.cc,2292,static int num_lines = 8;  // The # of lines we're willing to match against.,Link,,No,Yes,Yes,I made it constexpr.,
third_party/blink/renderer/core/layout/layout_block_flow.h,917,static bool can_propagate_float_into_sibling_;,Link,Member,No,No,No,Scoped state,
third_party/blink/renderer/core/layout/layout_block.cc,95,static TrackedDescendantsMap* g_positioned_descendants_map = nullptr;,Link,Global,Maybe,No,No,Cache,
third_party/blink/renderer/core/layout/layout_block.cc,96,static TrackedContainerMap* g_positioned_container_map = nullptr;,Link,Global,Maybe,No,No,Cache,
third_party/blink/renderer/core/layout/layout_block.cc,101,static TrackedDescendantsMap* g_percent_height_descendants_map = nullptr;,Link,Global,Maybe,No,No,Cache,
third_party/blink/renderer/core/layout/layout_box_model_object.cc,79,static ContinuationMap* g_continuation_map = nullptr;,Link,Global,Maybe,No,No,Cache,
third_party/blink/renderer/core/layout/layout_multi_column_flow_thread.h,365,static bool could_contain_spanners_;,Link,Member,Yes,No,No,,
third_party/blink/renderer/core/layout/layout_multi_column_flow_thread.h,367,static bool toggle_spanners_if_needed_;,Link,Member,Yes,No,No,,
third_party/blink/renderer/core/layout/layout_object.h,3184,static bool affects_parent_block_;,Link,Member,Yes,No,No,,
third_party/blink/renderer/core/layout/layout_text_control.cc,199,static HashSet<AtomicString>* font_families_with_invalid_char_width_map =,Link,Local,No,Yes,No,Should be const,
third_party/blink/renderer/core/layout/layout_text.cc,93,static SecureTextTimerMap* g_secure_text_timers = nullptr;,Link,,No,No,No,Need one per thread for safey,
third_party/blink/renderer/core/layout/layout_theme_default.cc,252,static Color focus_ting_color(229,Link,,No,Yes,Yes,I made it constexpr,
third_party/blink/renderer/core/layout/layout_theme_default.h,148,static TimeDelta caret_blink_interval_;,Link,Member,Yes,No,No,For testing,
third_party/blink/renderer/core/layout/layout_theme_default.h,150,static unsigned active_selection_background_color_;,Link,Member,Yes,No,No,,
third_party/blink/renderer/core/layout/layout_theme_default.h,151,static unsigned active_selection_foreground_color_;,Link,Member,Yes,No,No,,
third_party/blink/renderer/core/layout/layout_theme_default.h,152,static unsigned inactive_selection_background_color_;,Link,Member,Yes,No,No,,
third_party/blink/renderer/core/layout/layout_theme_default.h,153,static unsigned inactive_selection_foreground_color_;,Link,Member,Yes,No,No,,
third_party/blink/renderer/core/layout/line/inline_text_box.cc,58,static InlineTextBoxOverflowMap* g_text_boxes_with_overflow;,Link,,No,No,No,Needs to be ThreadSpecific if we have multiple main threads.,
third_party/blink/renderer/core/layout/line/line_box_list.cc,53,static LineBoxList empty;,Link,,No,Yes,Yes,I made it const.,
third_party/blink/renderer/core/layout/line/line_box_list.cc,59,static InlineTextBoxList empty;,Link,,No,Yes,Yes,I made it const.,
third_party/blink/renderer/core/layout/line/root_inline_box.cc,50,static EllipsisBoxMap* g_ellipsis_box_map = nullptr;,Link,Global,No,No,No,Needs to be ThreadSpecific if we have multiple main threads.,
third_party/blink/renderer/core/layout/shapes/shape.cc,313,static size_t max_image_size_bytes = 0;,Link,,No,Yes,Yes,I made it const.,
third_party/blink/renderer/core/layout/svg/svg_layout_support.h,177,static AffineTransform::Transform current_content_transformation_;,Link,Member,No,No,No,Scoped state,
third_party/blink/renderer/core/layout/text_autosizer.cc,1269,static float narrow_width_difference = 200;,Link,,No,Yes,Yes,I made it const.,
third_party/blink/renderer/core/loader/form_submission.cc,60,static int64_t next_identifier =,Link,,No,No,No,Counter to generate ids. I think it needs to be global.,
third_party/blink/renderer/core/loader/history_item.cc,45,static int64_t next = static_cast<int64_t>(CurrentTime() * 1000000.0);,Link,,No,No,No,Counter to generate ids. I think it needs to be global.,
third_party/blink/renderer/core/loader/image_loader.h,285,static uint64_t s_next_request_id_;,Link,Member,No,No,No,Counter to generate ids. I think it needs to be global (used cross-thread).,
third_party/blink/renderer/core/loader/resource/script_resource.cc,418,static bool script_streaming_enabled =,Link,,No,Yes,Yes,Caches a base::Feature. I made it const.,
third_party/blink/renderer/core/mojo/tests/js_to_cpp_test.cc,27,uint32_t g_waste_accumulator = 0;,Link,Global,No,No,No,Scoped state. Test-only.,
third_party/blink/renderer/core/page/plugin_script_forbidden_scope.cc,12,static unsigned g_plugin_script_forbidden_count = 0;,Link,,No,No,No,Scoped state,
third_party/blink/renderer/core/page/scoped_page_pauser.cc,36,unsigned g_suspension_count = 0;,Link,Global,No,No,No,Scoped state,
third_party/blink/renderer/core/paint/compositing/compositing_layer_assigner.cc,42,static uint64_t g_squashing_sparsity_tolerance = 6;,Link,Global,No,Yes,Yes,I made it const.,
third_party/blink/renderer/core/paint/frame_painter.h,32,static bool in_paint_contents_;,Link,Member,No,No,No,Scoped state,
third_party/blink/renderer/core/paint/paint_layer_scrollable_area.h,202,static int count_;,Link,Member,No,No,No,Scoped state,
third_party/blink/renderer/core/paint/paint_layer_scrollable_area.h,203,static SubtreeLayoutScope* layout_scope_;,Link,Member,No,No,No,Scoped state,
third_party/blink/renderer/core/paint/paint_layer_scrollable_area.h,204,static bool relayout_needed_;,Link,Member,No,No,No,Scoped state,
third_party/blink/renderer/core/paint/paint_layer_scrollable_area.h,219,static int count_;,Link,Member,No,No,No,Scoped state,
third_party/blink/renderer/core/paint/paint_layer_scrollable_area.h,241,static int count_;,Link,Member,No,No,No,Scoped state,
third_party/blink/renderer/core/paint/paint_layer.cc,103,static CompositingQueryMode g_compositing_query_mode =,Link,,No,No,No,Scoped state,
third_party/blink/renderer/core/paint/paint_timing_detector.h,145,static ScopedPaintTimingDetectorBlockPaintHook* top_;,Link,Member,No,No,No,Scoped state,
third_party/blink/renderer/core/scroll/scroll_animator_test.cc,49,static double g_mocked_time = 0.0;,Link,,No,No,No,Test-only mock clock.,
third_party/blink/renderer/core/scroll/scrollbar_theme_overlay.cc,220,static ScrollbarThemeOverlay* theme;,Link,,No,No,No,Needs to be ThreadSpecific if we have multiple main threads. Maybe could be const.,
third_party/blink/renderer/core/scroll/scrollbar_theme.h,233,  static bool g_mock_scrollbars_enabled_;,Link,Member,No,No,No,Test-only Scoped state,
third_party/blink/renderer/core/style/nine_piece_image.cc,32,static DataRef<NinePieceImageData>* data = new DataRef<NinePieceImageData>;,Link,,No,No,No,Maybe could be const.,
third_party/blink/renderer/core/style/svg_computed_style.cc,38,static SVGComputedStyle* initial_style = new SVGComputedStyle(kCreateInitial);,Link,,No,Yes,Yes,Should be const,
third_party/blink/renderer/core/testing/death_aware_script_wrappable.h,40,static DeathAwareScriptWrappable* instance_;,Link,Member,No,No,No,Dead code,
third_party/blink/renderer/core/testing/death_aware_script_wrappable.h,41,static bool has_died_;,Link,Member,No,No,No,Dead code,
third_party/blink/renderer/core/testing/internals.cc,260,static RuntimeEnabledFeatures::Backup* g_s_features_backup = nullptr;,Link,,No,Yes,N/A,Test-only Scoped state. Deals with RuntimeEnabledFeatures which I don't know if they are thread-safe.,
third_party/blink/renderer/core/testing/sim/sim_canvas.cc,31,static int g_depth = 0;,Link,,No,No,No,Scoped state,
third_party/blink/renderer/core/testing/sim/sim_network.cc,22,static SimNetwork* g_network = nullptr;,Link,,No,No,No,Test-only Scoped state.,
third_party/blink/renderer/core/timing/event_timing.cc,18,const base::TickClock* g_clock_for_testing = nullptr;,Link,Global,No,No,No,Test-only Scoped state.,
third_party/blink/renderer/core/timing/performance_entry.cc,41,static base::AtomicSequenceNumber index_seq;,Link,,No,No,Yes,Counter to generate ids. Already thread-safe.,
third_party/blink/renderer/core/workers/threaded_messaging_proxy_base.cc,26,static int g_live_messaging_proxy_count = 0;,Link,,No,No,No,Scoped state,
third_party/blink/renderer/core/workers/worker_thread.cc,82,static std::atomic_int g_unique_worker_thread_id(1);,Link,,No,No,Yes,Counter to generate ids. Already thread-safe.,
third_party/blink/renderer/core/workers/worklet_thread_holder.h,91,static WorkletThreadHolder<DerivedWorkletThread>* thread_holder_instance_;,Link,,No,No,Yes,Should there only be one worklet per process? I think so. NOTE(fdoray): This one is more tricky.,
third_party/blink/renderer/core/xml/parser/xml_document_parser_scope.h,48,static Document* current_document_;,Link,Member,No,No,No,Scoped state,
third_party/blink/renderer/core/xml/parser/xml_document_parser.cc,476,static int g_global_descriptor = 0;,Link,,No,Yes,Yes,Opaque address,
third_party/blink/renderer/core/xml/parser/xml_document_parser.cc,477,static base::PlatformThreadId g_libxml_loader_thread = 0;,Link,,No,Yes,(work needed),XML parsing seems to make sure that it runs on a single thread...,
third_party/blink/renderer/core/xml/parser/xml_document_parser.cc,657,static bool did_init = false;,Link,,No,Yes,(work needed),XML parsing seems to make sure that it runs on a single thread...,
third_party/blink/renderer/core/xml/parser/xml_document_parser.cc,1342,static xmlEntity entity;,Link,,No,No,No,Scoped state,
third_party/blink/renderer/core/xml/xpath_parser.h,110,static Parser* current_parser_;,Link,Member,No,No,No,Scoped state,
third_party/blink/renderer/core/xml/xslt_processor_libxslt.cc,90,static XSLTProcessor* g_global_processor = nullptr;,Link,,No,No,No,Should be ThreadSpecific if we have multiple main threads,
third_party/blink/renderer/core/xml/xslt_processor_libxslt.cc,91,static ResourceFetcher* g_global_resource_fetcher = nullptr;,Link,,No,No,No,Should be ThreadSpecific if we have multiple main threads,
third_party/blink/renderer/modules/accessibility/ax_object_cache_impl.cc,649,static AXID last_used_id = 0;,Link,,No,No,No,"Seems safer to have global ids. If we have multiple main threads, function should use lock.",
third_party/blink/renderer/modules/accessibility/ax_object.h,1059,static unsigned number_of_live_ax_objects_;,Link,Member,No,No,No,"Only accessed in tests. If we have multiple main threads, should be atomic.",
third_party/blink/renderer/modules/animationworklet/animation_worklet.cc,15,base::AtomicSequenceNumber g_next_worklet_id;,Link,Global,No,No,Yes,,
third_party/blink/renderer/modules/animationworklet/worklet_animation.cc,142,static unsigned next = 0;,Link,,Yes,No,No,,
third_party/blink/renderer/modules/csspaint/paint_worklet.cc,24,base::AtomicSequenceNumber g_next_worklet_id;,Link,Global,No,No,Yes,,
third_party/blink/renderer/modules/indexeddb/idb_database.cc,133,static base::AtomicSequenceNumber current_transaction_id;,Link,,No,No,Yes,,
third_party/blink/renderer/modules/indexeddb/idb_database.cc,139,static base::AtomicSequenceNumber current_observer_id;,Link,,No,No,Yes,,
third_party/blink/renderer/modules/indexeddb/idb_request.cc,89,static std::atomic<size_t> counter(0);,Link,,No,No,Yes,Counter to generate ids. Already thread-safe.,
third_party/blink/renderer/modules/media_controls/media_controls_impl.cc,232,static int batch_depth_;,Link,Member,No,No,No,Scoped state,
third_party/blink/renderer/modules/media_controls/media_controls_impl.cc,2051,static int minimum_width = 48;,Link,,No,No,No,Should be ThreadSpecific if we have multiple main threads,
third_party/blink/renderer/modules/payments/payment_test_helper.cc,17,static int g_unique_id = 0;,Link,,No,No,No,Counter to generate ids. Test-only.,
third_party/blink/renderer/modules/service_worker/service_worker_timeout_timer.cc,21,static base::AtomicSequenceNumber s_event_id_sequence;,Link,,No,No,Yes,Scoped state. Test-only.,
third_party/blink/renderer/modules/webaudio/audio_context_test.cc,21,static bool web_audio_device_paused_;,Link,Member,No,No,No,,
third_party/blink/renderer/modules/webaudio/audio_context.cc,47,static unsigned g_hardware_context_count = 0;,Link,Global,No,No,No,Scoped state,
third_party/blink/renderer/modules/webaudio/audio_context.cc,51,static unsigned g_context_id = 0;,Link,Global,No,No,No,Counter to generate ids. Used across mojo so probably needs to be process global (i.e. atomic if multiple main threads).,
third_party/blink/renderer/modules/webaudio/audio_node.h,297,static bool is_node_count_initialized_;,Link,Member,No,No,No,Add locks if we have multiple main threads (debug-only).,
third_party/blink/renderer/modules/webaudio/audio_worklet_thread.h,48,static unsigned s_ref_count_;,Link,Member,No,No,No,Add locks if we have multiple main threads (debug-only).,
third_party/blink/renderer/modules/webdatabase/database_manager.cc,43,static DatabaseManager* g_database_manager;,Link,Global,Yes,No,No,Tricky isolate-bound! Retains garbage-collected objects. TODO(fdoray): Initialization within macro.,
third_party/blink/renderer/modules/webdatabase/inspector_database_resource.cc,37,static int g_next_unused_id = 1;,Link,Global,No,No,No,Counter to generate ids. Put in garbage collected obect https://cs.chromium.org/chromium/src/third_party/blink/renderer/modules/webdatabase/inspector_database_agent.cc?l=206-208&rcl=752bf96b574af3297004a2e80bb4d435afaaae39,
third_party/blink/renderer/modules/webgl/webgl_rendering_context_base.cc,279,static int generation = 0;,Link,,No,No,No,Counter to generate ids.,
third_party/blink/renderer/modules/webgl/webgl_rendering_context_base.cc,523,static bool g_should_fail_context_creation_for_testing = false;,Link,Global,No,No,Yes,Only mutated in tests.,
third_party/blink/renderer/modules/webgl/webgl_rendering_context_base.h,1739,static bool webgl_context_limits_initialized_;,Link,Member,No ,Yes,Yes,Already protected by lock.,
third_party/blink/renderer/modules/webgl/webgl_rendering_context_base.h,1740,static unsigned max_active_webgl_contexts_;,Link,Member,No ,Yes,Yes,Already protected by lock.,
third_party/blink/renderer/modules/webgl/webgl_rendering_context_base.h,1741,static unsigned max_active_webgl_contexts_on_worker_;,Link,Member,No ,Yes,Yes,Already protected by lock.,
third_party/blink/renderer/platform/audio/audio_array.h,79,static unsigned extra_allocation_bytes = 0;,Link,,No,No,No,Need to add locking/atomics if we have multiple main threads.,
third_party/blink/renderer/platform/audio/cpu/x86/vector_math_x86.h,27,static bool supports = ::base::CPU().has_avx();,Link,,No,Yes,Yes,I made it const.,
third_party/blink/renderer/platform/audio/mac/fft_frame_mac.cc,60,static bool first_call = true;,Link,,No,No,No,Verifies that first call is from main thread. Comment says that should be removed.,
third_party/blink/renderer/platform/audio/pffft/fft_frame_pffft.cc,44,static bool first_call = true;,Link,,No,No,No,Verifies that first call is from main thread. Comment says that should be removed.,
third_party/blink/renderer/platform/bindings/dom_wrapper_world.cc,224,static int next_devtools_isolated_world_id =,Link,,No,No,No,Counter to generate ids. Should be made atomic if we have multiple main threads.,
third_party/blink/renderer/platform/bindings/dom_wrapper_world.h,149,static unsigned number_of_non_main_worlds_in_main_thread_;,Link,Member,No,No,No,Scoped state,
third_party/blink/renderer/platform/bindings/exception_state.h,173,static CreateDOMExceptionFunction s_create_dom_exception_func_;,Link,Member,No,Yes,Yes,Map of function pointers initialized from third_party/blink/renderer/core/core_initializer.cc,
third_party/blink/renderer/platform/bindings/origin_trial_features.cc,23,InstallOriginTrialFeaturesFunction g_install_origin_trial_features_function =,Link,Global,No,Yes,Yes,Function pointer initialized from third_party/blink/renderer/modules/modules_initializer.cc,
third_party/blink/renderer/platform/bindings/parkable_string_manager.cc,123,static ParkableStringManagerDumpProvider instance;,Link,,No,No,No,Memory dump.,
third_party/blink/renderer/platform/bindings/runtime_call_stats.cc,26,RuntimeCallStats* g_runtime_call_stats_for_testing = nullptr;,Link,Global,No,No,No,Scoped state. Test-only stats.,
third_party/blink/renderer/platform/bindings/script_forbidden_scope.h,67,  static unsigned g_main_thread_counter_;,Link,Member,No,No,No,Scoped state,
third_party/blink/renderer/platform/bindings/v8_per_isolate_data.cc,64,static V8PerIsolateData* g_main_thread_per_isolate_data = nullptr;,Link,,Yes,No,No,,
third_party/blink/renderer/platform/blob/blob_data.cc,86,mojom::blink::BlobRegistry* g_blob_registry_for_testing = nullptr;,Link,Global,No,No,No,Test-only scoped state.,
third_party/blink/renderer/platform/exported/platform.cc,93,static Platform* g_platform = nullptr;,Link,,No,Yes,No?,Blink Platform,
third_party/blink/renderer/platform/exported/platform.cc,95,static GCTaskRunner* g_gc_task_runner = nullptr;,Link,,No,Yes,No,"Dead code, removal CL in flight. Performs BlinkGC when not in a task. NOTE(fdoray): Maybe per isolate.",
third_party/blink/renderer/platform/fonts/font_cache.h,321,static SkFontMgr* static_font_manager_;,Link,Member,No,Yes,No,,
third_party/blink/renderer/platform/fonts/font_cache.h,324,static bool antialiased_text_enabled_;,Link,Member,No,Yes,No,Set from InitializeDWriteFontProxy,
third_party/blink/renderer/platform/fonts/font_cache.h,325,static bool lcd_text_enabled_;,Link,Member,No,Yes,No,Set from InitializeDWriteFontProxy,
third_party/blink/renderer/platform/fonts/font_cache.h,328,static AtomicString* menu_font_family_name_;,Link,Member,No,Yes,No,Set from InitializeDWriteFontProxy,
third_party/blink/renderer/platform/fonts/font_cache.h,329,static int32_t menu_font_height_;,Link,Member,No,Yes,No,Set from InitializeDWriteFontProxy,
third_party/blink/renderer/platform/fonts/font_cache.h,330,static AtomicString* small_caption_font_family_name_;,Link,Member,No,Yes,No,Set from InitializeDWriteFontProxy,
third_party/blink/renderer/platform/fonts/font_cache.h,331,static int32_t small_caption_font_height_;,Link,Member,No,Yes,No,Set from InitializeDWriteFontProxy,
third_party/blink/renderer/platform/fonts/font_cache.h,332,static AtomicString* status_font_family_name_;,Link,Member,No,Yes,No,Set from InitializeDWriteFontProxy,
third_party/blink/renderer/platform/fonts/font_cache.h,333,static int32_t status_font_height_;,Link,Member,No,Yes,No,Set from InitializeDWriteFontProxy,
third_party/blink/renderer/platform/fonts/font_cache.h,334,static bool use_skia_font_fallback_;,Link,Member,No,Yes,No,Set from InitializeDWriteFontProxy,
third_party/blink/renderer/platform/fonts/font_cache.h,342,static float device_scale_factor_;,Link,Member,No,No,No,Scoped state,
third_party/blink/renderer/platform/fonts/font_data_cache.cc,125,static bool is_purging;,Link,Local,No,No,No,,
third_party/blink/renderer/platform/fonts/font_description.h,425,static TypesettingFeatures default_typesetting_features_;,Link,Member,No,Probably,No,Never set,
third_party/blink/renderer/platform/fonts/font_description.h,427,static bool use_subpixel_text_positioning_;,Link,Member,No,Yes,No,Initialized with RenderFrame (probably always the same value) Maybe isolate bound,
third_party/blink/renderer/platform/fonts/shaping/harfbuzz_shaper_fuzzer.cc,21,static BlinkFuzzerTestSupport fuzzer_support = BlinkFuzzerTestSupport();,Link,Local,No,No,Yes,Fuzzer for testing,
third_party/blink/renderer/platform/fonts/shaping/harfbuzz_shaper.cc,616,static hb_feature_t hwid = CreateFeature(HB_TAG('h',Link,Local,No,Yes,Yes,Should be constexpr,Create CL
third_party/blink/renderer/platform/fonts/shaping/harfbuzz_shaper.cc,617,static hb_feature_t twid = CreateFeature(HB_TAG('t',Link,Local,No,Yes,Yes,Should be constexpr,
third_party/blink/renderer/platform/fonts/shaping/harfbuzz_shaper.cc,618,static hb_feature_t qwid = CreateFeature(HB_TAG('q',Link,Local,No,Yes,Yes,Should be constexpr,
third_party/blink/renderer/platform/fonts/shaping/harfbuzz_shaper.cc,636,static hb_feature_t jp78 = CreateFeature(HB_TAG('j',Link,Local,No,Yes,Yes,Should be constexpr,
third_party/blink/renderer/platform/fonts/shaping/harfbuzz_shaper.cc,637,static hb_feature_t jp83 = CreateFeature(HB_TAG('j',Link,Local,No,Yes,Yes,Should be constexpr,
third_party/blink/renderer/platform/fonts/shaping/harfbuzz_shaper.cc,638,static hb_feature_t jp90 = CreateFeature(HB_TAG('j',Link,Local,No,Yes,Yes,Should be constexpr,
third_party/blink/renderer/platform/fonts/shaping/harfbuzz_shaper.cc,639,static hb_feature_t jp04 = CreateFeature(HB_TAG('j',Link,Local,No,Yes,Yes,Should be constexpr,
third_party/blink/renderer/platform/fonts/shaping/harfbuzz_shaper.cc,640,static hb_feature_t smpl = CreateFeature(HB_TAG('s',Link,Local,No,Yes,Yes,Should be constexpr,
third_party/blink/renderer/platform/fonts/shaping/harfbuzz_shaper.cc,641,static hb_feature_t trad = CreateFeature(HB_TAG('t',Link,Local,No,Yes,Yes,Should be constexpr,
third_party/blink/renderer/platform/fonts/shaping/harfbuzz_shaper.cc,666,static hb_feature_t fwid = CreateFeature(HB_TAG('f',Link,Local,No,Yes,Yes,Should be constexpr,
third_party/blink/renderer/platform/fonts/shaping/harfbuzz_shaper.cc,667,static hb_feature_t pwid = CreateFeature(HB_TAG('p',Link,Local,No,Yes,Yes,Should be constexpr,
third_party/blink/renderer/platform/fonts/shaping/harfbuzz_shaper.cc,680,static hb_feature_t ruby = CreateFeature(HB_TAG('r',Link,Local,No,Yes,Yes,Should be constexpr,
third_party/blink/renderer/platform/fonts/shaping/harfbuzz_shaper.cc,686,static hb_feature_t lnum = CreateFeature(HB_TAG('l',Link,Local,No,Yes,Yes,Should be constexpr,
third_party/blink/renderer/platform/fonts/shaping/harfbuzz_shaper.cc,691,static hb_feature_t onum = CreateFeature(HB_TAG('o',Link,Local,No,Yes,Yes,Should be constexpr,
third_party/blink/renderer/platform/fonts/shaping/harfbuzz_shaper.cc,696,static hb_feature_t pnum = CreateFeature(HB_TAG('p',Link,Local,No,Yes,Yes,Should be constexpr,
third_party/blink/renderer/platform/fonts/shaping/harfbuzz_shaper.cc,700,static hb_feature_t tnum = CreateFeature(HB_TAG('t',Link,Local,No,Yes,Yes,Should be constexpr,
third_party/blink/renderer/platform/fonts/shaping/harfbuzz_shaper.cc,705,static hb_feature_t afrc = CreateFeature(HB_TAG('a',Link,Local,No,Yes,Yes,Should be constexpr,
third_party/blink/renderer/platform/fonts/shaping/harfbuzz_shaper.cc,709,static hb_feature_t frac = CreateFeature(HB_TAG('f',Link,Local,No,Yes,Yes,Should be constexpr,
third_party/blink/renderer/platform/fonts/shaping/harfbuzz_shaper.cc,714,static hb_feature_t ordn = CreateFeature(HB_TAG('o',Link,Local,No,Yes,Yes,Should be constexpr,
third_party/blink/renderer/platform/fonts/shaping/harfbuzz_shaper.cc,719,static hb_feature_t zero = CreateFeature(HB_TAG('z',Link,Local,No,Yes,Yes,Should be constexpr,
third_party/blink/renderer/platform/fonts/shaping/harfbuzz_shaper.cc,778,static hb_feature_t smcp = CreateFeature(HB_TAG('s',Link,Local,No,Yes,Yes,Should be constexpr,
third_party/blink/renderer/platform/fonts/shaping/harfbuzz_shaper.cc,779,static hb_feature_t pcap = CreateFeature(HB_TAG('p',Link,Local,No,Yes,Yes,Should be constexpr,
third_party/blink/renderer/platform/fonts/shaping/harfbuzz_shaper.cc,780,static hb_feature_t c2sc = CreateFeature(HB_TAG('c',Link,Local,No,Yes,Yes,Should be constexpr,
third_party/blink/renderer/platform/fonts/shaping/harfbuzz_shaper.cc,781,static hb_feature_t c2pc = CreateFeature(HB_TAG('c',Link,Local,No,Yes,Yes,Should be constexpr,
third_party/blink/renderer/platform/fonts/shaping/harfbuzz_shaper.cc,782,static hb_feature_t unic = CreateFeature(HB_TAG('u',Link,Local,No,Yes,Yes,Should be constexpr,
third_party/blink/renderer/platform/fonts/shaping/harfbuzz_shaper.cc,783,static hb_feature_t titl = CreateFeature(HB_TAG('t',Link,Local,No,Yes,Yes,Should be constexpr,
third_party/blink/renderer/platform/fonts/web_font_render_style.cc,17,SkFontHinting g_skia_hinting = SkFontHinting::kNormal;,Link,Global,No,Yes,No,Initialize with RenderFrame (probably always the same value) Maybe isolate bound,
third_party/blink/renderer/platform/fonts/web_font_render_style.cc,18,bool g_use_skia_auto_hint = true;,Link,Global,No,Yes,No,Initialize with RenderFrame (probably always the same value) Maybe isolate bound,
third_party/blink/renderer/platform/fonts/web_font_render_style.cc,19,bool g_use_skia_bitmaps = true;,Link,Global,No,Yes,No,Initialize with RenderFrame (probably always the same value) Maybe isolate bound,
third_party/blink/renderer/platform/fonts/web_font_render_style.cc,20,bool g_use_skia_anti_alias = true;,Link,Global,No,Yes,No,Initialize with RenderFrame (probably always the same value) Maybe isolate bound,
third_party/blink/renderer/platform/fonts/web_font_render_style.cc,21,bool g_use_skia_subpixel_rendering = false;,Link,Global,No,Yes,No,Initialize with RenderFrame (probably always the same value) Maybe isolate bound,
third_party/blink/renderer/platform/fonts/win/dwrite_font_format_support.cc,24,static bool variations_supported = []() {,Link,Local,No,Yes,No,Should be const,
third_party/blink/renderer/platform/fonts/win/font_fallback_win.cc,378,static bool initialized = false;,Link,Local,No,Yes,No,emoji_font should be const,
third_party/blink/renderer/platform/fonts/win/font_fallback_win.cc,446,static ScriptToFontMap script_font_map;,Link,Local,No,Yes,No,script_font_map should be const,
third_party/blink/renderer/platform/fonts/win/font_fallback_win.cc,447,static bool initialized = false;,Link,Local,No,Yes,No,protects script_font_map,
third_party/blink/renderer/platform/graphics/animation_worklet_mutator_dispatcher_impl.cc,26,int g_next_async_mutation_id = 0;,Link,Global,No,No,No,Equivalent to AtomicSequenceNumber,
third_party/blink/renderer/platform/graphics/compositing/paint_artifact_compositor.cc,42,static int g_s_property_tree_sequence_number = 1;,Link,Global,No,No,No,Equivalent to AtomicSequenceNumber,
third_party/blink/renderer/platform/graphics/compositing/paint_artifact_compositor.cc,1022,static String s_previous_output;,Link,Local,No,No,No,,
third_party/blink/renderer/platform/graphics/compositing/property_tree_manager.cc,305,static UniqueObjectId unique_id = NewUniqueObjectId();,Link,Local,No,Yes,Yes,Should be const,
third_party/blink/renderer/platform/graphics/compositor_element_id.cc,10,static UniqueObjectId counter = 0;,Link,Local,No,Yes,No,,
third_party/blink/renderer/platform/graphics/gpu/drawing_buffer_test_helpers.h,256,static GLuint id = 1;,Link,Local,No,No,N/A,For testing,
third_party/blink/renderer/platform/graphics/gpu/drawing_buffer_test_helpers.h,276,static uint64_t unique_id = 1;,Link,Local,No,No,N/A,For testing,
third_party/blink/renderer/platform/graphics/gpu/drawing_buffer.cc,76,static bool g_should_fail_drawing_buffer_creation_for_testing = false;,Link,Global,No,No,N/A,For testing,
third_party/blink/renderer/platform/graphics/graphics_layer.cc,505,static HashSet<int>* g_registered_layer_set;,Link,Global,Yes,No,No,Probably isolate bound,
third_party/blink/renderer/platform/graphics/paint/drawing_recorder.cc,16,static bool g_list_modification_check_disabled = false;,Link,Global,No,No,No,Not used,
third_party/blink/renderer/platform/graphics/paint/geometry_mapper_clip_cache.cc,14,static unsigned g_clip_cache_generation = 0;,Link,Global,No,No,No,Counter to generate versions. Could be isolate bound,
third_party/blink/renderer/platform/graphics/paint/geometry_mapper_transform_cache.h,113,static unsigned s_global_generation;,Link,Member,No,No,No,Counter to generate versions. Could be isolate bound,
third_party/blink/renderer/platform/graphics/paint/paint_controller.h,425,static size_t sum_num_items_;,Link,Member,No,No,No,UMA histogram counter,
third_party/blink/renderer/platform/graphics/paint/paint_controller.h,426,static size_t sum_num_cached_items_;,Link,Member,No,No,No,UMA histogram counter,
third_party/blink/renderer/platform/graphics/paint/paint_controller.h,427,static size_t sum_num_indexed_items_;,Link,Member,No,No,No,UMA histogram counter,
third_party/blink/renderer/platform/graphics/paint/paint_controller.h,428,static size_t sum_num_subsequences_;,Link,Member,No,No,No,UMA histogram counter,
third_party/blink/renderer/platform/graphics/paint/paint_controller.h,429,static size_t sum_num_cached_subsequences_;,Link,Member,No,No,No,UMA histogram counter,
third_party/blink/renderer/platform/graphics/paint/paint_controller.h,430,static size_t sum_num_paint_chunks_;,Link,Member,No,No,No,UMA histogram counter,
third_party/blink/renderer/platform/graphics/paint/raster_invalidation_tracking.cc,20,static bool g_simulate_raster_under_invalidations = false;,Link,Global,No,No,N/A,For testing,
third_party/blink/renderer/platform/graphics/placeholder_image.cc,199,  static SharedFont* g_instance_;,Link,Member,No,No,No,Reset in a scope,
third_party/blink/renderer/platform/heap/gc_info.h,74,static GCInfoTable* global_table_;,Link,Member,No,yes,yes,already supports parallel workers,
third_party/blink/renderer/platform/heap/heap_compact_test.cc,28,static bool did_verify_at_least_once;,Link,Member,No,No,Yes,For testing,
third_party/blink/renderer/platform/heap/heap_test.cc,72,static std::atomic_int destructor_calls_;,Link,Member,No,No,Yes,For testing,
third_party/blink/renderer/platform/heap/heap_test.cc,417,static int destructor_calls_;,Link,Member,No,No,Yes,For testing,
third_party/blink/renderer/platform/heap/heap_test.cc,439,static int destructor_calls_;,Link,Member,No,No,Yes,For testing,
third_party/blink/renderer/platform/heap/heap_test.cc,473,static int destructor_calls_;,Link,Member,No,No,Yes,For testing,
third_party/blink/renderer/platform/heap/heap_test.cc,757,static int destructor_calls_;,Link,Member,No,No,Yes,For testing,
third_party/blink/renderer/platform/heap/heap_test.cc,806,static unsigned live_;,Link,Member,No,No,Yes,For testing,
third_party/blink/renderer/platform/heap/heap_test.cc,892,static int destructor_calls_;,Link,Member,No,No,Yes,For testing,
third_party/blink/renderer/platform/heap/heap_test.cc,938,static int destructor_calls_;,Link,Member,No,No,Yes,For testing,
third_party/blink/renderer/platform/heap/heap_test.cc,973,static int destructor_calls_;,Link,Member,No,No,Yes,For testing,
third_party/blink/renderer/platform/heap/heap_test.cc,1038,static bool will_finalize_was_called_;,Link,Member,No,No,Yes,For testing,
third_party/blink/renderer/platform/heap/heap_test.cc,1059,static bool dispose_was_called_;,Link,Member,No,No,Yes,For testing,
third_party/blink/renderer/platform/heap/heap_test.cc,1067,bool g_dispose_was_called_for_pre_finalizer_base = false;,Link,Global,No,No,Yes,For testing,
third_party/blink/renderer/platform/heap/heap_test.cc,1068,bool g_dispose_was_called_for_pre_finalizer_mixin = false;,Link,Global,No,No,Yes,For testing,
third_party/blink/renderer/platform/heap/heap_test.cc,1069,bool g_dispose_was_called_for_pre_finalizer_sub_class = false;,Link,Global,No,No,Yes,For testing,
third_party/blink/renderer/platform/heap/heap_test.cc,1185,static bool did_call_will_finalize_;,Link,Member,No,No,Yes,For testing,
third_party/blink/renderer/platform/heap/heap_test.cc,1197,static Persistent<ObserverMap>* observer_map_;,Link,Member,No,No,N/A,For testing,
third_party/blink/renderer/platform/heap/heap_test.cc,1219,static int alive_count_;,Link,Member,No,No,Yes,For testing,
third_party/blink/renderer/platform/heap/heap_test.cc,1247,static int alive_count_;,Link,Member,No,No,Yes,For testing,
third_party/blink/renderer/platform/heap/heap_test.cc,1261,static int alive_count_;,Link,Member,No,No,Yes,For testing,
third_party/blink/renderer/platform/heap/heap_test.cc,1279,static int alive_count_;,Link,Member,No,No,Yes,For testing,
third_party/blink/renderer/platform/heap/heap_test.cc,1308,static int trace_count_;,Link,Member,No,No,Yes,For testing,
third_party/blink/renderer/platform/heap/heap_test.cc,1378,static int destructor_calls_;,Link,Member,No,No,Yes,For testing,
third_party/blink/renderer/platform/heap/heap_test.cc,1922,static int destructor_calls_;,Link,Member,No,No,Yes,For testing,
third_party/blink/renderer/platform/heap/heap_test.cc,1940,static int destructor_calls_;,Link,Member,No,No,Yes,For testing,
third_party/blink/renderer/platform/heap/heap_test.cc,3287,static int live_things_with_destructor_;,Link,Member,No,No,Yes,For testing,
third_party/blink/renderer/platform/heap/heap_test.cc,4201,static int destructor_calls_;,Link,Member,No,No,Yes,For testing,
third_party/blink/renderer/platform/heap/heap_test.cc,4215,static int destructor_calls_;,Link,Member,No,No,Yes,For testing,
third_party/blink/renderer/platform/heap/heap_test.cc,4466,static bool was_destructed_;,Link,Member,No,No,Yes,For testing,
third_party/blink/renderer/platform/heap/heap_test.cc,4475,static bool was_destructed_;,Link,Member,No,No,Yes,For testing,
third_party/blink/renderer/platform/heap/heap_test.cc,4545,static int trace_count_;,Link,Member,No,No,Yes,For testing,
third_party/blink/renderer/platform/heap/heap_test.cc,4584,static int trace_called_;,Link,Member,No,No,Yes,For testing,
third_party/blink/renderer/platform/heap/heap_test.cc,5472,static Persistent<IntNode>* node_;,Link,Member,No,N/A,N/A,For testing,
third_party/blink/renderer/platform/heap/heap_test.cc,5499,static int s_trace_calls_;,Link,Member,No,No,Yes,For testing,
third_party/blink/renderer/platform/heap/heap_test.cc,5500,static int s_trace_lazy_;,Link,Member,No,No,Yes,For testing,
third_party/blink/renderer/platform/heap/heap_test.cc,5991,static int destructor_calls_;,Link,Member,No,No,Yes,For testing,
third_party/blink/renderer/platform/heap/heap_thread_test.cc,216,static int destructor_calls_;,Link,Member,No,No,Yes,For testing,
third_party/blink/renderer/platform/heap/heap.h,114,static AllocationHook* allocation_hook_;,Link,Member,No,Yes,No,,
third_party/blink/renderer/platform/heap/heap.h,115,static FreeHook* free_hook_;,Link,Member,No,Yes,No,,
third_party/blink/renderer/platform/heap/heap.h,449,static ThreadHeap* main_thread_heap_;,Link,Member,Yes,Yes,No,This is the blink heap instance!!,
third_party/blink/renderer/platform/heap/object_start_bitmap_test.cc,26,static Address kBaseOffset;,Link,Member,No,Yes,Yes,Should be constexpr,
third_party/blink/renderer/platform/heap/process_heap.h,58,static std::atomic_size_t total_allocated_space_;,Link,Member,No,No,Yes,TODO(etiennep): Figure out if ProcessHeap should be isolate bound,
third_party/blink/renderer/platform/heap/process_heap.h,59,static std::atomic_size_t total_allocated_object_size_;,Link,Member,No,No,Yes,,
third_party/blink/renderer/platform/heap/thread_state.cc,1089,static size_t max_committed_size_in_mb = 0;,Link,Local,No,No,No,Never used,
third_party/blink/renderer/platform/heap/thread_state.h,431,static AtomicEntryFlag incremental_marking_flag_;,Link,Member,No,No,Yes,Probably not isolate bound,
third_party/blink/renderer/platform/instance_counters.h,103,PLATFORM_EXPORT static int node_counter_;,Link,Member,No,No,No,Never used,
third_party/blink/renderer/platform/instrumentation/resource_coordinator/renderer_resource_coordinator.cc,16,RendererResourceCoordinator* g_renderer_resource_coordinator = nullptr;,Link,Global,No,Yes,No,Only updated for testing,
third_party/blink/renderer/platform/json/json_parser_fuzzer.cc,14,static blink::BlinkFuzzerTestSupport test_support =,Link,Local,No,No,Yes,Fuzzer for testing,
third_party/blink/renderer/platform/language.cc,44,const AtomicString* g_platform_language = nullptr;,Link,Global,No,Yes,No,Should be const,
third_party/blink/renderer/platform/loader/fetch/memory_cache.cc,41,static Persistent<MemoryCache>* g_memory_cache;,Link,Global,No,No,No,,
third_party/blink/renderer/platform/loader/fetch/resource_load_scheduler.cc,105,static size_t main_frame_limit = GetFieldTrialUint32Param(,Link,Local,No,Yes,Yes,Should be const,Created CL
third_party/blink/renderer/platform/loader/fetch/resource_load_scheduler.cc,108,static size_t sub_frame_limit = GetFieldTrialUint32Param(,Link,Local,No,Yes,Yes,Should be const,Created CL
third_party/blink/renderer/platform/loader/fetch/resource_request.h,488,static base::TimeDelta default_timeout_interval_;,Link,Member,No,Yes,Yes,Should be const,Created CL
third_party/blink/renderer/platform/loader/fetch/unique_identifier.cc,37,static std::atomic_uint64_t g_unique_identifier(1);,Link,Global,No,No,Yes,Equivalent to AtomicSequenceNumber,
third_party/blink/renderer/platform/mediastream/media_stream_component.cc,46,static int g_unique_media_stream_component_id = 0;,Link,Global,No,No,No,Equivalent to AtomicSequenceNumber,
third_party/blink/renderer/platform/mediastream/media_stream_descriptor.cc,42,static int g_unique_media_stream_descriptor_id = 0;,Link,Global,No,No,No,Equivalent to AtomicSequenceNumber,
third_party/blink/renderer/platform/memory_pressure_listener.h,68,static bool is_low_end_device_;,Link,Member,No,Yes,Probably,,MemoryPressureListenerRegistry::Initialize
third_party/blink/renderer/platform/mhtml/mhtml_fuzzer.cc,17,static BlinkFuzzerTestSupport test_support = BlinkFuzzerTestSupport();,Link,Local,No,No,Yes,Fuzzer for testing,
third_party/blink/renderer/platform/network/http_parsers_fuzzer.cc,19,static blink::BlinkFuzzerTestSupport test_support;,Link,Local,No,No,Yes,Fuzzer for testing,
third_party/blink/renderer/platform/png_fuzzer.cc,42,static BlinkFuzzerTestSupport test_support = BlinkFuzzerTestSupport();,Link,Local,No,No,Yes,Fuzzer for testing,
third_party/blink/renderer/platform/scheduler/common/idle_helper_unittest.cc,75,int g_max_idle_task_reposts = 2;,Link,Global,No,No,Yes,For testing,
third_party/blink/renderer/platform/scheduler/common/process_state.cc,15,base::LazyInstance<ProcessState>::Leaky g_process_state;,Link,Global,No,Yes,Yes,,
third_party/blink/renderer/platform/scheduler/common/thread_cpu_throttler.cc,52,static bool signal_handler_installed_;,Link,Member,No,No,Yes,Probably don't have to worry about it for now,
third_party/blink/renderer/platform/scheduler/common/thread_cpu_throttler.cc,55,static Atomic32 thread_exists_;,Link,Member,No,No,Yes,Probably don't have to worry about it for now,
third_party/blink/renderer/platform/scheduler/common/thread_cpu_throttler.cc,56,static Atomic32 throttling_rate_percent_;,Link,Member,No,No,Yes,Probably don't have to worry about it for now,
third_party/blink/renderer/platform/scheduler/common/thread_cpu_throttler.cc,126,static base::TimeTicks lastResumeTime;,Link,Local,No,No,Yes,Probably don't have to worry about it for now,
third_party/blink/renderer/platform/scheduler/common/tracing_helper_unittest.cc,16,const char* g_last_state = nullptr;,Link,Global,No,No,Yes,For testing,
third_party/blink/renderer/platform/scheduler/main_thread/auto_advancing_virtual_time_domain.h,81,  static AutoAdvancingVirtualTimeDomain* g_time_domain_;,Link,Member,No,Yes,No,,
third_party/blink/renderer/platform/scheduler/main_thread/main_thread_scheduler_impl_unittest.cc,119,int g_max_idle_task_reposts = 2;,Link,Global,No,No,Yes,For testing,
third_party/blink/renderer/platform/scheduler/worker/compositor_thread_scheduler.cc,24,CompositorThreadScheduler* g_compositor_thread_scheduler = nullptr;,Link,Global,No,Yes,No,TODO(etienne): Look more into compositor,
third_party/blink/renderer/platform/testing/testing_platform_support_with_web_rtc.cc,29,static uintptr_t last_id_;,Link,Member,No,No,No,,
third_party/blink/renderer/platform/testing/testing_platform_support_with_web_rtc.cc,64,static webrtc::DtlsTransportInformation dummy(,Link,Local,No,Yes,Yes,Should be const,Created a CL
third_party/blink/renderer/platform/testing/testing_platform_support_with_web_rtc.cc,93,static uintptr_t last_id_;,Link,Member,No,No,No,,
third_party/blink/renderer/platform/testing/testing_platform_support_with_web_rtc.cc,127,static webrtc::DtlsTransportInformation dummy(,Link,Local,No,Yes,Yes,Should be const,Created a CL
third_party/blink/renderer/platform/testing/testing_platform_support_with_web_rtc.cc,159,static uintptr_t last_id_;,Link,Member,No,No,No,,
third_party/blink/renderer/platform/testing/testing_platform_support_with_web_rtc.cc,310,static webrtc::PeerConnectionInterface::RTCConfiguration configuration;,Link,Local,No,Yes,Yes,Should be const,Created a CL
third_party/blink/renderer/platform/testing/wtf/scoped_mock_clock.h,28,static ScopedMockClock* top_;,Link,Member,No,No,N/A,For testing,
third_party/blink/renderer/platform/text_codec_fuzzer.cc,31,static BlinkFuzzerTestSupport test_support = BlinkFuzzerTestSupport();,Link,Local,No,No,Yes,Fuzzer for testing,
third_party/blink/renderer/platform/text/character.cc,59,static UCPTrie* trie = nullptr;,Link,Local,No,Yes,No,Should be const,Created a CL
third_party/blink/renderer/platform/text/platform_locale.cc,43,Locale* g_default_locale;,Link,Global,No,Yes,No,Locale should be made const-correct. This is initialized once expect for testing,
third_party/blink/renderer/platform/text/text_break_iterator_icu.cc,49,static WTF::ThreadSpecific<LineBreakIteratorPool>* pool =,Link,Local,No,No,No,This whole break iterator cache thing is super weird. Might be isolate bound,
third_party/blink/renderer/platform/text/text_break_iterator_icu.cc,582,static UText g_empty_text = UTEXT_INITIALIZER;,Link,Global,No,Yes,Yes,Should be const,Created a CL
third_party/blink/renderer/platform/text/text_break_iterator_icu.cc,586,static TextBreakIterator* break_iter = nullptr;,Link,Local,No,No,No,This should just return unique_ptr,
third_party/blink/renderer/platform/text/text_break_iterator_icu.cc,631,static TextBreakIterator* break_iter = nullptr;,Link,Local,No,No,No,This should just return unique_ptr,
third_party/blink/renderer/platform/text/text_break_iterator_icu.cc,832,static TextBreakIterator* iterator = nullptr;,Link,Local,No,No,No,This should just return unique_ptr,
third_party/blink/renderer/platform/text/unicode_utilities_test.cc,46,static bool g_is_test_first_and_last_chars_in_category_failed = false;,Link,Global,No,No,N/A,For testing,
third_party/blink/renderer/platform/web_icon_sizes_fuzzer.cc,14,static BlinkFuzzerTestSupport test_support = BlinkFuzzerTestSupport();,Link,Local,No,No,N/A,Fuzzer for testing,
third_party/blink/renderer/platform/web_test_support.cc,55,static bool g_is_running_web_test = false;,Link,Global,No,No,N/A,"For testing, could be isolate bound",
third_party/blink/renderer/platform/web_test_support.cc,56,static bool g_is_mock_theme_enabled = false;,Link,Global,No,No,N/A,"For testing, could be isolate bound",
third_party/blink/renderer/platform/web_test_support.cc,57,static bool g_is_font_antialiasing_enabled = false;,Link,Global,No,No,N/A,"For testing, could be isolate bound",
third_party/blink/renderer/platform/web_test_support.cc,58,static bool g_is_subpixel_positioning_allowed = true;,Link,Global,No,No,N/A,"For testing, could be isolate bound",
third_party/blink/renderer/platform/weborigin/security_origin.cc,66,static URLSecurityOriginMap* g_url_origin_map = nullptr;,Link,Global,No,No,No,Bound to BlobOriginMap,
third_party/blink/renderer/platform/wtf/allocator/partitions.cc,49,static base::LazyInstance<base::subtle::SpinLock>::Leaky initialization_lock_ =,Link,Global,No,No,Yes,Partitions could be isolate bound,
third_party/blink/renderer/platform/wtf/allocator/partitions.cc,61,static base::LazyInstance<base::PartitionAllocatorGeneric>::Leaky,Link,Global,No,No,Yes,Partitions could be isolate bound,
third_party/blink/renderer/platform/wtf/allocator/partitions.cc,63,static base::LazyInstance<base::PartitionAllocatorGeneric>::Leaky,Link,Global,No,No,Yes,Partitions could be isolate bound,
third_party/blink/renderer/platform/wtf/allocator/partitions.cc,65,static base::LazyInstance<base::PartitionAllocatorGeneric>::Leaky lazy_buffer =,Link,Global,No,No,Yes,Partitions could be isolate bound,
third_party/blink/renderer/platform/wtf/allocator/partitions.cc,67,static base::LazyInstance<base::SizeSpecificPartitionAllocator<1024>>::Leaky,Link,Global,No,No,Yes,Partitions could be isolate bound,
third_party/blink/renderer/platform/wtf/allocator/partitions.cc,109,static size_t observed_max_size_in_mb = 0;,Link,Local,No,No,Yes,Partitions could be isolate bound,
third_party/blink/renderer/platform/wtf/allocator/partitions.h,136,static bool initialized_;,Link,Member,No,Yes,Yes,Partitions could be isolate bound,
third_party/blink/renderer/platform/wtf/allocator/partitions.h,139,static base::PartitionAllocatorGeneric* fast_malloc_allocator_;,Link,Member,No,No,Yes,Partitions could be isolate bound,
third_party/blink/renderer/platform/wtf/allocator/partitions.h,140,static base::PartitionAllocatorGeneric* array_buffer_allocator_;,Link,Member,No,No,Yes,Partitions could be isolate bound,
third_party/blink/renderer/platform/wtf/allocator/partitions.h,141,static base::PartitionAllocatorGeneric* buffer_allocator_;,Link,Member,No,No,Yes,Partitions could be isolate bound,
third_party/blink/renderer/platform/wtf/allocator/partitions.h,142,static base::SizeSpecificPartitionAllocator<1024>* layout_allocator_;,Link,Member,No,No,Yes,Partitions could be isolate bound,
third_party/blink/renderer/platform/wtf/allocator/partitions.h,143,static ReportPartitionAllocSizeFunction report_size_function_;,Link,Member,No,No,Yes,Partitions could be isolate bound,
third_party/blink/renderer/platform/wtf/doubly_linked_list_test.cc,15,static size_t test_node_counter = 0;,Link,Global,No,No,N/A,For testing,
third_party/blink/renderer/platform/wtf/dtoa/double-conversion.cc,46,static DoubleToStringConverter converter(flags,Link,Local,No,Yes,Yes,"stateless, should be const",Created a CL
third_party/blink/renderer/platform/wtf/hash_map_test.cc,278,static int counter_;,Link,Member,No,No,Yes,For testing,
third_party/blink/renderer/platform/wtf/list_hash_set_test.cc,398,static int ref_invokes_count_;,Link,Member,No,No,N/A,For testing,
third_party/blink/renderer/platform/wtf/pod_free_list_arena_test.cc,48,static int test_ids = 0;,Link,Local,No,No,N/A,For testing,
third_party/blink/renderer/platform/wtf/scoped_logger_test.cc,15,static StringBuilder g_builder;,Link,Global,No,No,N/A,For testing,
third_party/blink/renderer/platform/wtf/scoped_logger.h,59,static PrintFunctionPtr print_func_;,Link,Member,No,No,Yes,Function pointer only modified in tests,
third_party/blink/renderer/platform/wtf/stack_util.cc,164,uintptr_t g_main_thread_stack_start = 0;,Link,Global,No,Yes,No,Thread bound,
third_party/blink/renderer/platform/wtf/stack_util.cc,165,uintptr_t g_main_thread_underestimated_stack_size = 0;,Link,Global,No,Yes,No,Thread bound,
third_party/blink/renderer/platform/wtf/std_lib_extras.h,167,static type* name = [](scoped_refptr<type> o) { \,Link,N/A,No,No,No,"Special case for macro, Ignore",
third_party/blink/renderer/platform/wtf/text/string_impl.cc,145,static bool g_allow_creation_of_static_strings = true;,Link,Global,No,Yes,Yes,"Map mutated during execution, frozen after initialization",
third_party/blink/renderer/platform/wtf/text/string_impl.h,162,static StringImpl* empty_;,Link,Member,No,Yes,Yes,Should be const,
third_party/blink/renderer/platform/wtf/text/string_impl.h,163,static StringImpl* empty16_bit_;,Link,Member,No,Yes,Yes,Should be const,
third_party/blink/renderer/platform/wtf/text/string_impl.h,497,static wtf_size_t highest_static_string_length_;,Link,Member,No,No,Probably,"Map mutated during execution, frozen after CoreInitializer::Initialize",
third_party/blink/renderer/platform/wtf/text/text_encoding_registry.cc,108,static TextEncodingNameMap* g_text_encoding_name_map;,Link,Global,No,Yes,No,Maybe could be const?,
third_party/blink/renderer/platform/wtf/text/text_encoding_registry.cc,109,static TextCodecMap* g_text_codec_map;,Link,Global,No,Yes,No,Maybe could be const?,
third_party/blink/renderer/platform/wtf/threading.cc,24,static bool g_thread_created = false;,Link,Global,No,No,No,,
third_party/blink/renderer/platform/wtf/threading.h,86,static ThreadSpecific<Threading>* static_data_;,Link,Member,Yes,No,Yes,,
third_party/blink/renderer/platform/wtf/time.cc,37,static TimeFunction g_mock_time_function_for_testing = nullptr;,Link,Global,No,No,N/A,For testing,
third_party/blink/renderer/platform/wtf/type_traits.h,60,static T* t_;,Link,Member,No,Yes,N/A,meta-programming,
third_party/blink/renderer/platform/wtf/type_traits.h,77,static T* t_;,Link,Member,No,Yes,N/A,meta-programming,
third_party/blink/renderer/platform/wtf/type_traits.h,94,static T* t_;,Link,Member,No,Yes,N/A,meta-programming,
third_party/blink/renderer/platform/wtf/type_traits.h,111,static T* t_;,Link,Member,No,Yes,N/A,meta-programming,
third_party/blink/renderer/platform/wtf/wtf_test_helper.h,201,static int ref_invokes_count_;,Link,Member,No,No,N/A,For testing,
third_party/blink/renderer/platform/wtf/wtf_test_helper.h,250,static unsigned live_;,Link,Member,No,No,N/A,For testing,
third_party/blink/renderer/platform/wtf/wtf.cc,47,bool g_initialized;,Link,Global,No,N/A,Yes,,
third_party/blink/renderer/platform/wtf/wtf.cc,49,base::PlatformThreadId g_main_thread_identifier;,Link,Global,No,No,No,,WTF::Initialize
third_party/blink/renderer/core/frame/csp/csp_directive_list.cc,1523,static ContentSecurityPolicy::DirectiveType directives[] = {,Link,Local,No,Yes,Yes,Should be const,
third_party/blink/renderer/core/html/html_element.cc,346,static AttributeTriggers attribute_triggers[] = {,Link,Local,No,Yes,Yes,Probably const,
third_party/blink/renderer/core/layout/layout_theme_mac.mm,276,static FontSelectionValue font_weights[] = {,Link,Local,No,Yes,Yes,Should be const,
third_party/blink/renderer/core/layout/ng/inline/ng_inline_node_test.cc,679,static CreateNode node_creators[] = {,Link,Global,No,Yes,Yes,Should be const,
third_party/blink/renderer/core/scroll/scrollbar_theme_mock.cc,35,static int g_c_scrollbar_thickness[] = {15,Link,Global,No,Yes,Yes,Should be const,
third_party/blink/renderer/core/xml/parser/xml_document_parser.cc,1339,static xmlChar g_shared_xhtml_entity_result[9] = {0,Link,Global,No,No,No,,
third_party/blink/renderer/modules/payments/payments_validators_test.cc,30,static char long_string[2050];,Link,Local,No,No,N/A,For testing,
third_party/blink/renderer/modules/screen_orientation/screen_orientation.cc,54,static ScreenOrientationInfo orientation_map[] = {,Link,Local,No,Yes,Yes,Probably const,
third_party/blink/renderer/modules/webaudio/audio_node.h,298,static int node_count_[kNodeTypeEnd];,Link,Member,No,No,No,For degugging,
third_party/blink/renderer/platform/audio/hrtf_elevation.cc,199,static int g_max_elevations[] = {,Link,Global,No,Yes,Yes,Should be const,
third_party/blink/renderer/platform/audio/vector_math_test.cc,261,static float destinations_[kDestinationCount][kFloatArraySize];,Link,Member,No,No,N/A,For testing,
third_party/blink/renderer/platform/audio/vector_math_test.cc,262,static float sources_[kSourceCount][kFloatArraySize];,Link,Member,No,No,N/A,For testing,
third_party/blink/renderer/platform/fonts/mac/font_matcher_mac.mm,335,static int app_kit_font_weights[] = {,Link,Local,No,Yes,Yes,Should be const,
third_party/blink/renderer/platform/image-decoders/png/png_image_decoder_test.cc,122,static PublicFrameInfo g_png_animated_frame_info[] = {,Link,Global,No,Yes,Yes,Should be const,
third_party/blink/renderer/platform/mac/color_mac.mm,69,static unsigned cached_rgba_values[kCacheSize];,Link,Local,No,Sortof,No,,
third_party/blink/renderer/platform/text/hyphenation/hyphenation_minikin.cc,154,static LocaleFallback locale_fallback_data[] = {,Link,Local,No,Yes,Yes,Should be const,
third_party/blink/renderer/platform/wtf/scoped_logger_test.cc,14,static char g_buffer[kPrinterBufferSize];,Link,Global,No,No,N/A,For testing,