3d834eff7e8a7b251a7a426a118c3fe872b3d44b,,Remainder,,0,0,7,29,,,,,,,,,,,,,,,,,,,,,,,,,,,,,,,,,,
,,Done,,205,205,198,176,,,,,,,,,,,,,,,,,,,,,,,,,,,,,,,,,,
,,%Done,,100.0%,100.0%,96.6%,85.9%,,,,,,,,,,,,,,,,,,,,,,,,,,,,,,,,,,
,,#Yes,,,17,,,,,,,,,,,,,,,,,,,,,,,,,,,,,,,,,,,,
File,Line,Type,Link,Const?,IsolateBound?,ThreadBound?,InitOnce?,Notes,,,,,,,,,,,,,,,,,,,,,,,,,,,,,,,,,
third_party/blink//renderer/bindings/core/v8/v8_code_cache.cc,233,CustomCountHistogram,Link,No,No,No,No,Histogram,,,,,,,,,,,,,,,,,,,,,,,,,,,,,,,,,
third_party/blink//renderer/bindings/core/v8/v8_initializer.cc,566,Mutex,Link,No,No,No,No,,,,,,,,,,,,,,,,,,,,,,,,,,,,,,,,,,
third_party/blink//renderer/build/scripts/templates/instrumenting_probes_impl.cc.tmpl,24,Mutex,Link,No,No,No,No,,,,,,,,,,,,,,,,,,,,,,,,,,,,,,,,,,
third_party/blink//renderer/build/scripts/templates/origin_trials.cc.tmpl,21,TrialToFeaturesMap,Link,No,No,No,Yes,,,,,,,,,,,,,,,,,,,,,,,,,,,,,,,,,,
third_party/blink//renderer/core/css/css_value_pool.cc,36,ThreadSpecific<Persistent<CSSValuePool>>,Link,No,Yes,No,No,Meant to be Isolate bound,,,,,,,,,,,,,,,,,,,,,,,,,,,,,,,,,
third_party/blink//renderer/core/css/font_face.cc,733,EnumerationHistogram,Link,No,No,No,No,Histogram,,,,,,,,,,,,,,,,,,,,,,,,,,,,,,,,,
third_party/blink//renderer/core/css/parser/css_parser_context.cc,184,ThreadSpecific<Persistent<CSSParserContext>>,Link,No,Yes,No,No,Meant to be Isolate bound,,,,,,,,,,,,,,,,,,,,,,,,,,,,,,,,,
third_party/blink//renderer/core/css/parser/css_parser_context.cc,186,ThreadSpecific<Persistent<CSSParserContext>>,Link,No,Yes,No,No,Meant to be Isolate bound,,,,,,,,,,,,,,,,,,,,,,,,,,,,,,,,,
third_party/blink//renderer/core/css/remote_font_face_source.cc,338,CustomCountHistogram,Link,No,No,No,No,Histogram,,,,,,,,,,,,,,,,,,,,,,,,,,,,,,,,,
third_party/blink//renderer/core/css/remote_font_face_source.cc,349,EnumerationHistogram,Link,No,No,No,No,Histogram,,,,,,,,,,,,,,,,,,,,,,,,,,,,,,,,,
third_party/blink//renderer/core/css/remote_font_face_source.cc,361,EnumerationHistogram,Link,No,No,No,No,Histogram,,,,,,,,,,,,,,,,,,,,,,,,,,,,,,,,,
third_party/blink//renderer/core/css/remote_font_face_source.cc,386,CustomCountHistogram,Link,No,No,No,No,Histogram,,,,,,,,,,,,,,,,,,,,,,,,,,,,,,,,,
third_party/blink//renderer/core/css/remote_font_face_source.cc,389,CustomCountHistogram,Link,No,No,No,No,Histogram,,,,,,,,,,,,,,,,,,,,,,,,,,,,,,,,,
third_party/blink//renderer/core/css/remote_font_face_source.cc,400,CustomCountHistogram,Link,No,No,No,No,Histogram,,,,,,,,,,,,,,,,,,,,,,,,,,,,,,,,,
third_party/blink//renderer/core/css/remote_font_face_source.cc,403,CustomCountHistogram,Link,No,No,No,No,Histogram,,,,,,,,,,,,,,,,,,,,,,,,,,,,,,,,,
third_party/blink//renderer/core/css/remote_font_face_source.cc,412,CustomCountHistogram,Link,No,No,No,No,Histogram,,,,,,,,,,,,,,,,,,,,,,,,,,,,,,,,,
third_party/blink//renderer/core/css/remote_font_face_source.cc,415,CustomCountHistogram,Link,No,No,No,No,Histogram,,,,,,,,,,,,,,,,,,,,,,,,,,,,,,,,,
third_party/blink//renderer/core/css/remote_font_face_source.cc,424,CustomCountHistogram,Link,No,No,No,No,Histogram,,,,,,,,,,,,,,,,,,,,,,,,,,,,,,,,,
third_party/blink//renderer/core/css/remote_font_face_source.cc,427,CustomCountHistogram,Link,No,No,No,No,Histogram,,,,,,,,,,,,,,,,,,,,,,,,,,,,,,,,,
third_party/blink//renderer/core/css/remote_font_face_source.cc,436,CustomCountHistogram,Link,No,No,No,No,Histogram,,,,,,,,,,,,,,,,,,,,,,,,,,,,,,,,,
third_party/blink//renderer/core/css/remote_font_face_source.cc,439,CustomCountHistogram,Link,No,No,No,No,Histogram,,,,,,,,,,,,,,,,,,,,,,,,,,,,,,,,,
third_party/blink//renderer/core/css/remote_font_face_source.cc,447,CustomCountHistogram,Link,No,No,No,No,Histogram,,,,,,,,,,,,,,,,,,,,,,,,,,,,,,,,,
third_party/blink//renderer/core/css/remote_font_face_source.cc,450,CustomCountHistogram,Link,No,No,No,No,Histogram,,,,,,,,,,,,,,,,,,,,,,,,,,,,,,,,,
third_party/blink//renderer/core/dom/events/event_listener_map.cc,49,Mutex,Link,No,No,No,No,Mutex,,,,,,,,,,,,,,,,,,,,,,,,,,,,,,,,,
third_party/blink//renderer/core/dom/space_split_string.cc,172,ThreadSpecific<DataMap>,Link,No,No,Yes,No,TLS: Change if AtomicString is made thread-safe,,,,,,,,,,,,,,,,,,,,,,,,,,,,,,,,,
third_party/blink//renderer/core/fileapi/blob.cc,132,BlobURLRegistry,Link,No,No,No,No,,,,,,,,,,,,,,,,,,,,,,,,,,,,,,,,,,
third_party/blink//renderer/core/fileapi/file_reader_loader.cc,219,EnumerationHistogram,Link,No,No,No,No,Histogram,,,,,,,,,,,,,,,,,,,,,,,,,,,,,,,,,
third_party/blink//renderer/core/fileapi/file_reader_loader.cc,333,SparseHistogram,Link,No,No,No,No,Histogram,,,,,,,,,,,,,,,,,,,,,,,,,,,,,,,,,
third_party/blink//renderer/core/fileapi/file_reader_sync.cc,67,EnumerationHistogram,Link,No,No,No,No,Histogram,,,,,,,,,,,,,,,,,,,,,,,,,,,,,,,,,
third_party/blink//renderer/core/fileapi/public_url_manager.cc,64,BlobOriginMap,Link,No,No,No,No,Eventually gets assigned to g_url_origin_map,,,,,,,,,,,,,,,,,,,,,,,,,,,,,,,,,
third_party/blink//renderer/core/fileapi/public_url_manager.cc,67,ThreadSpecific<BlobURLOriginMap>,Link,No,No,Yes,,Might want to be isolate bound?,,,,,,,,,,,,,,,,,,,,,,,,,,,,,,,,,
third_party/blink//renderer/core/frame/navigator_id.cc,82,ThreadSpecific<String>,Link,No,No,Yes,Yes,TLS: Should be an atomic calc-and-set,,,,,,,,,,,,,,,,,,,,,,,,,,,,,,,,,
third_party/blink//renderer/core/html/media/html_media_element.cc,172,EnumerationHistogram,Link,No,No,No,No,Histogram,,,,,,,,,,,,,,,,,,,,,,,,,,,,,,,,,
third_party/blink//renderer/core/inspector/main_thread_debugger.cc,75,Mutex,Link,No,No,No,No,Protects a singleton,,,,,,,,,,,,,,,,,,,,,,,,,,,,,,,,,
third_party/blink//renderer/core/layout/style_retain_scope.cc,15,ThreadSpecific<StyleRetainScope*>,Link,No,Yes,,,,,,,,,,,,,,,,,,,,,,,,,,,,,,,,,,,,
third_party/blink//renderer/core/loader/resource/font_resource.cc,73,EnumerationHistogram,Link,No,No,No,No,Histogram,,,,,,,,,,,,,,,,,,,,,,,,,,,,,,,,,
third_party/blink//renderer/core/origin_trials/navigation_origin_trial_features.cc,17,HashSet<OriginTrialFeature>,Link,No,No,No,Yes,Should be constexpr,,,,,,,,,,,,,,,,,,,,,,,,,,,,,,,,,
third_party/blink//renderer/core/origin_trials/origin_trial_context.cc,35,EnumerationHistogram,Link,No,No,No,No,Histogram,,,,,,,,,,,,,,,,,,,,,,,,,,,,,,,,,
third_party/blink//renderer/core/svg/svg_element.cc,1146,HashSet<QualifiedName>,Link,No,No,No,Yes,,,,,,,,,,,,,,,,,,,,,,,,,,,,,,,,,,
third_party/blink//renderer/core/timing/memory_info.cc,75,ThreadSpecific<HeapSizeCache>,Link,No,Yes,No,No,TLS,,,,,,,,,,,,,,,,,,,,,,,,,,,,,,,,,
third_party/blink//renderer/core/timing/performance_entry.h,106,HashSet<PerformanceEntryType>,Link,No,No,No,,Should be constexpr,,,,,,,,,,,,,,,,,,,,,,,,,,,,,,,,,
third_party/blink//renderer/core/timing/performance_user_timing.cc,47,ThreadSpecific<RestrictedKeyMap>,Link,No,No,Yes,Yes,TLS: Should be an atomic calc-and-set,,,,,,,,,,,,,,,,,,,,,,,,,,,,,,,,,
third_party/blink//renderer/core/timing/performance_user_timing.cc,145,CustomCountHistogram,Link,No,No,No,No,Histogram,,,,,,,,,,,,,,,,,,,,,,,,,,,,,,,,,
third_party/blink//renderer/core/timing/performance_user_timing.cc,241,CustomCountHistogram,Link,No,No,No,No,Histogram,,,,,,,,,,,,,,,,,,,,,,,,,,,,,,,,,
third_party/blink//renderer/core/timing/performance.cc,82,Performance::UnifiedClock,Link,No,No,No,No,,,,,,,,,,,,,,,,,,,,,,,,,,,,,,,,,,
third_party/blink//renderer/core/timing/performance.cc,917,TimeClamper,Link,No,No,No,,,,,,,,,,,,,,,,,,,,,,,,,,,,,,,,,,,
third_party/blink//renderer/core/workers/shared_worker_content_settings_proxy.cc,42,ThreadSpecific<mojom::blink::WorkerContentSettingsProxyPtr>,Link,No,No,Yes,,TLS,,,,,,,,,,,,,,,,,,,,,,,,,,,,,,,,,
third_party/blink//renderer/core/workers/worker_backing_thread.cc,29,Mutex,Link,No,No,No,No,Mutex,,,,,,,,,,,,,,,,,,,,,,,,,,,,,,,,,
third_party/blink//renderer/core/workers/worker_thread.cc,78,Mutex,Link,No,No,No,No,Mutex,,,,,,,,,,,,,,,,,,,,,,,,,,,,,,,,,
third_party/blink//renderer/core/workers/worker_thread.cc,145,EnumerationHistogram,Link,No,No,No,No,Histogram,,,,,,,,,,,,,,,,,,,,,,,,,,,,,,,,,
third_party/blink//renderer/core/workers/worker_thread.cc,376,HashSet<WorkerThread*>,Link,No,No,No,,,,,,,,,,,,,,,,,,,,,,,,,,,,,,,,,,,
third_party/blink//renderer/core/workers/worklet_thread_holder.h,55,Mutex,Link,No,No,No,No,Mutex,,,,,,,,,,,,,,,,,,,,,,,,,,,,,,,,,
third_party/blink//renderer/modules/bluetooth/bluetooth_uuid.cc,22,NameToAssignedNumberMap,Link,No,No,No,Yes,Should be constexpr,,,,,,,,,,,,,,,,,,,,,,,,,,,,,,,,,
third_party/blink//renderer/modules/bluetooth/bluetooth_uuid.cc,71,NameToAssignedNumberMap,Link,No,No,No,Yes,Should be constexpr,,,,,,,,,,,,,,,,,,,,,,,,,,,,,,,,,
third_party/blink//renderer/modules/bluetooth/bluetooth_uuid.cc,295,NameToAssignedNumberMap,Link,No,No,No,Yes,Should be constexpr,,,,,,,,,,,,,,,,,,,,,,,,,,,,,,,,,
third_party/blink//renderer/modules/broadcastchannel/broadcast_channel.cc,24,ThreadSpecific<mojom::blink::BroadcastChannelProviderPtr>,Link,No,No,Yes,,,,,,,,,,,,,,,,,,,,,,,,,,,,,,,,,,,
third_party/blink//renderer/modules/encryptedmedia/media_key_system_access_initializer_base.cc,202,EnumerationHistogram,Link,No,No,No,No,Histogram,,,,,,,,,,,,,,,,,,,,,,,,,,,,,,,,,
third_party/blink//renderer/modules/indexeddb/idb_object_store.cc,311,EnumerationHistogram,Link,No,No,No,No,Histogram,,,,,,,,,,,,,,,,,,,,,,,,,,,,,,,,,
third_party/blink//renderer/modules/indexeddb/idb_object_store.cc,546,EnumerationHistogram,Link,No,No,No,No,Histogram,,,,,,,,,,,,,,,,,,,,,,,,,,,,,,,,,
third_party/blink//renderer/modules/indexeddb/idb_request_loader.cc,133,SparseHistogram,Link,No,No,No,No,Histogram,,,,,,,,,,,,,,,,,,,,,,,,,,,,,,,,,
third_party/blink//renderer/modules/indexeddb/indexed_db_dispatcher.cc,16,ThreadSpecific<IndexedDBDispatcher>,Link,No,No,Yes,,TLS,,,,,,,,,,,,,,,,,,,,,,,,,,,,,,,,,
third_party/blink//renderer/modules/media_capabilities/media_capabilities.cc,254,const String,Link,Yes,No,No,,Should be constexpr,,,,,,,,,,,,,,,,,,,,,,,,,,,,,,,,,
third_party/blink//renderer/modules/media_capabilities/media_capabilities.cc,282,const String,Link,Yes,No,No,,"Should be constexpr, and is a dupicated variable",,,,,,,,,,,,,,,,,,,,,,,,,,,,,,,,,
third_party/blink//renderer/modules/notifications/notification_image_loader.cc,26,CustomCountHistogram,Link,No,No,No,No,Histogram (actually a macro),,,,,,,,,,,,,,,,,,,,,,,,,,,,,,,,,
third_party/blink//renderer/modules/notifications/notification_manager.cc,160,CustomCountHistogram,Link,No,No,No,No,Histogram,,,,,,,,,,,,,,,,,,,,,,,,,,,,,,,,,
third_party/blink//renderer/modules/notifications/service_worker_registration_notifications.cc,67,EnumerationHistogram,Link,No,No,No,No,Histogram,,,,,,,,,,,,,,,,,,,,,,,,,,,,,,,,,
third_party/blink//renderer/modules/service_worker/service_worker_content_settings_proxy.cc,35,ThreadSpecific<mojom::blink::WorkerContentSettingsProxyPtr>,Link,No,Yes,,No,,,,,,,,,,,,,,,,,,,,,,,,,,,,,,,,,,
third_party/blink//renderer/modules/service_worker/service_worker_global_scope.cc,390,CustomCountHistogram,Link,No,No,No,No,Histogram,,,,,,,,,,,,,,,,,,,,,,,,,,,,,,,,,
third_party/blink//renderer/modules/service_worker/service_worker_global_scope.cc,397,CustomCountHistogram,Link,No,No,No,No,Histogram,,,,,,,,,,,,,,,,,,,,,,,,,,,,,,,,,
third_party/blink//renderer/modules/service_worker/service_worker_global_scope.cc,429,CustomCountHistogram,Link,No,No,No,No,Histogram,,,,,,,,,,,,,,,,,,,,,,,,,,,,,,,,,
third_party/blink//renderer/modules/service_worker/service_worker_global_scope.cc,433,CustomCountHistogram,Link,No,No,No,No,Histogram,,,,,,,,,,,,,,,,,,,,,,,,,,,,,,,,,
third_party/blink//renderer/modules/service_worker/service_worker_global_scope.cc,439,CustomCountHistogram,Link,No,No,No,No,Histogram,,,,,,,,,,,,,,,,,,,,,,,,,,,,,,,,,\
third_party/blink//renderer/modules/service_worker/service_worker_global_scope.cc,815,CustomCountHistogram,Link,No,No,No,No,Histogram,,,,,,,,,,,,,,,,,,,,,,,,,,,,,,,,,
third_party/blink//renderer/modules/service_worker/service_worker_global_scope.cc,823,CustomCountHistogram,Link,No,No,No,No,Histogram,,,,,,,,,,,,,,,,,,,,,,,,,,,,,,,,,
third_party/blink//renderer/modules/service_worker/service_worker_global_scope.cc,1201,CustomCountHistogram,Link,No,No,No,No,Histogram,,,,,,,,,,,,,,,,,,,,,,,,,,,,,,,,,
third_party/blink//renderer/modules/service_worker/service_worker_global_scope.cc,1207,CustomCountHistogram,Link,No,No,No,No,Histogram,,,,,,,,,,,,,,,,,,,,,,,,,,,,,,,,,
third_party/blink//renderer/modules/service_worker/service_worker_global_scope.cc,1216,CustomCountHistogram,Link,No,No,No,No,Histogram,,,,,,,,,,,,,,,,,,,,,,,,,,,,,,,,,
third_party/blink//renderer/modules/webdatabase/database_authorizer.cc,63,FunctionNameList,Link,No,No,No,Yes,Should be const,,,,,,,,,,,,,,,,,,,,,,,,,,,,,,,,,
third_party/blink//renderer/modules/webdatabase/database_tracker.cc,64,DatabaseTracker,Link,No,Yes,No,,,,,,,,,,,,,,,,,,,,,,,,,,,,,,,,,,,
third_party/blink//renderer/modules/webdatabase/database.cc,151,DatabaseVersionCache,Link,No,Yes,No,,Probably isolate bound,,,,,,,,,,,,,,,,,,,,,,,,,,,,,,,,,
third_party/blink//renderer/modules/webdatabase/quota_tracker.cc,42,QuotaTracker,Link,No,Yes,No,,,,,,,,,,,,,,,,,,,,,,,,,,,,,,,,,,,
third_party/blink//renderer/modules/webdatabase/sqlite/sandboxed_vfs.cc,141,SandboxedVfs,Link,No,No,No,,Probably not isolate bound,,,,,,,,,,,,,,,,,,,,,,,,,,,,,,,,,
third_party/blink//renderer/modules/webgl/webgl_rendering_context_base.cc,128,Mutex,Link,No,No,No,No,"Protects a singleton, which might be isolate bound?",,,,,,,,,,,,,,,,,,,,,,,,,,,,,,,,,
third_party/blink//renderer/modules/webgl/webgl_rendering_context_base.cc,135,ThreadSpecific<Persistent<WebGLRenderingContextBaseSet>>,Link,No,Yes,No,,Meant to be Isolate bound,,,,,,,,,,,,,,,,,,,,,,,,,,,,,,,,,
third_party/blink//renderer/modules/webgl/webgl_rendering_context_base.cc,151,ThreadSpecific<Persistent<WebGLRenderingContextBaseMap>>,Link,No,Yes,No,,Meant to be Isolate bound,,,,,,,,,,,,,,,,,,,,,,,,,,,,,,,,,
third_party/blink//renderer/modules/websockets/dom_websocket.cc,818,EnumerationHistogram,Link,No,No,No,No,Histogram,,,,,,,,,,,,,,,,,,,,,,,,,,,,,,,,,
third_party/blink//renderer/modules/websockets/dom_websocket.cc,830,CustomCountHistogram,Link,No,No,No,No,Histogram,,,,,,,,,,,,,,,,,,,,,,,,,,,,,,,,,
third_party/blink//renderer/modules/websockets/dom_websocket.cc,839,CustomCountHistogram,Link,No,No,No,No,Histogram,,,,,,,,,,,,,,,,,,,,,,,,,,,,,,,,,
third_party/blink//renderer/modules/websockets/dom_websocket.cc,848,CustomCountHistogram,Link,No,No,No,No,Histogram,,,,,,,,,,,,,,,,,,,,,,,,,,,,,,,,,
third_party/blink//renderer/modules/websockets/dom_websocket.cc,862,EnumerationHistogram,Link,No,No,No,No,Histogram,,,,,,,,,,,,,,,,,,,,,,,,,,,,,,,,,
third_party/blink//renderer/modules/websockets/dom_websocket.cc,874,CustomCountHistogram,Link,No,No,No,No,Histogram,,,,,,,,,,,,,,,,,,,,,,,,,,,,,,,,,
third_party/blink//renderer/modules/websockets/dom_websocket.cc,883,CustomCountHistogram,Link,No,No,No,No,Histogram,,,,,,,,,,,,,,,,,,,,,,,,,,,,,,,,,
third_party/blink//renderer/platform/audio/hrtf_elevation.cc,73,AudioBusMap,Link,No,No,No,No,"HashMap<String, scoped_refptr<AudioBus>>",,,,,,,,,,,,,,,,,,,,,,,,,,,,,,,,,
third_party/blink//renderer/platform/audio/hrtf_elevation.cc,74,Mutex,Link,No,No,No,Yes,,,,,,,,,,,,,,,,,,,,,,,,,,,,,,,,,,
third_party/blink//renderer/platform/bindings/dom_wrapper_world.cc,52,ThreadSpecific<WorldMap>,Link,No,No,Yes,No,"HashMap<int, DOMWrapperWorld*>",,,,,,,,,,,,,,,,,,,,,,,,,,,,,,,,,
third_party/blink//renderer/platform/bindings/dom_wrapper_world.cc,211,ThreadSpecific<int>,Link,No,No,Yes,No,,,,,,,,,,,,,,,,,,,,,,,,,,,,,,,,,,
third_party/blink//renderer/platform/bindings/script_forbidden_scope.cc,19,WTF::ThreadSpecific<unsigned>,Link,No,No,Yes,No,,,,,,,,,,,,,,,,,,,,,,,,,,,,,,,,,,
third_party/blink//renderer/platform/blob/blob_bytes_provider.cc,186,BooleanHistogram,Link,No,No,No,No,Histogram,,,,,,,,,,,,,,,,,,,,,,,,,,,,,,,,,
third_party/blink//renderer/platform/blob/blob_bytes_provider.cc,188,BooleanHistogram,Link,No,No,No,No,Histogram,,,,,,,,,,,,,,,,,,,,,,,,,,,,,,,,,
third_party/blink//renderer/platform/blob/blob_data.cc,92,ThreadSpecific<BlobRegistryPtr>,Link,No,No,Yes,No,,,,,,,,,,,,,,,,,,,,,,,,,,,,,,,,,,
third_party/blink//renderer/platform/file_metadata.cc,77,ThreadSpecific<mojom::blink::FileUtilitiesHostPtr>,Link,No,No,Yes,Yes,,,,,,,,,,,,,,,,,,,,,,,,,,,,,,,,,,
third_party/blink//renderer/platform/fonts/android/font_cache_android.cc,70,AtomicString,Link,No,No,No,Yes,,,,,,,,,,,,,,,,,,,,,,,,,,,,,,,,,,
third_party/blink//renderer/platform/fonts/font_cache.cc,343,CustomCountHistogram,Link,No,No,No,No,Histogram,,,,,,,,,,,,,,,,,,,,,,,,,,,,,,,,,
third_party/blink//renderer/platform/fonts/font_global_context.cc,15,ThreadSpecific<FontGlobalContext*>,Link,No,No,,No,,,,,,,,,,,,,,,,,,,,,,,,,,,,,,,,,,
third_party/blink//renderer/platform/fonts/font_selection_types.h,81,const FontSelectionValue,Link,Yes,No,No,Yes,Should be constexpr,,,,,,,,,,,,,,,,,,,,,,,,,,,,,,,,,
third_party/blink//renderer/platform/fonts/font_selection_types.h,88,const FontSelectionValue,Link,Yes,No,No,Yes,Should be constexpr,,,,,,,,,,,,,,,,,,,,,,,,,,,,,,,,,
third_party/blink//renderer/platform/fonts/font_selection_types.h,165,const FontSelectionValue,Link,Yes,No,No,Yes,Should be constexpr,,,,,,,,,,,,,,,,,,,,,,,,,,,,,,,,,
third_party/blink//renderer/platform/fonts/font_selection_types.h,175,const FontSelectionValue,Link,Yes,No,No,Yes,Should be constexpr,,,,,,,,,,,,,,,,,,,,,,,,,,,,,,,,,
third_party/blink//renderer/platform/fonts/font_selection_types.h,181,const FontSelectionValue,Link,Yes,No,No,Yes,Should be constexpr,,,,,,,,,,,,,,,,,,,,,,,,,,,,,,,,,
third_party/blink//renderer/platform/fonts/font_selection_types.h,187,const FontSelectionValue,Link,Yes,No,No,Yes,Should be constexpr,,,,,,,,,,,,,,,,,,,,,,,,,,,,,,,,,
third_party/blink//renderer/platform/fonts/font_selection_types.h,192,const FontSelectionValue,Link,Yes,No,No,Yes,Should be constexpr,,,,,,,,,,,,,,,,,,,,,,,,,,,,,,,,,
third_party/blink//renderer/platform/fonts/font_selection_types.h,198,const FontSelectionValue,Link,Yes,No,No,Yes,Should be constexpr,,,,,,,,,,,,,,,,,,,,,,,,,,,,,,,,,
third_party/blink//renderer/platform/fonts/font_selection_types.h,204,const FontSelectionValue,Link,Yes,No,No,Yes,Should be constexpr,,,,,,,,,,,,,,,,,,,,,,,,,,,,,,,,,
third_party/blink//renderer/platform/fonts/font_selection_types.h,210,const FontSelectionValue,Link,Yes,No,No,Yes,Should be constexpr,,,,,,,,,,,,,,,,,,,,,,,,,,,,,,,,,
third_party/blink//renderer/platform/fonts/font_selection_types.h,216,const FontSelectionValue,Link,Yes,No,No,Yes,Should be constexpr,,,,,,,,,,,,,,,,,,,,,,,,,,,,,,,,,
third_party/blink//renderer/platform/fonts/font_selection_types.h,222,const FontSelectionValue,Link,Yes,No,No,Yes,Should be constexpr,,,,,,,,,,,,,,,,,,,,,,,,,,,,,,,,,
third_party/blink//renderer/platform/fonts/font_selection_types.h,228,const FontSelectionValue,Link,Yes,No,No,Yes,Should be constexpr,,,,,,,,,,,,,,,,,,,,,,,,,,,,,,,,,
third_party/blink//renderer/platform/fonts/font_selection_types.h,234,const FontSelectionValue,Link,Yes,No,No,Yes,Should be constexpr,,,,,,,,,,,,,,,,,,,,,,,,,,,,,,,,,
third_party/blink//renderer/platform/fonts/font_selection_types.h,244,const FontSelectionValue,Link,Yes,No,No,Yes,Should be constexpr,,,,,,,,,,,,,,,,,,,,,,,,,,,,,,,,,
third_party/blink//renderer/platform/fonts/font_selection_types.h,250,const FontSelectionValue,Link,Yes,No,No,Yes,Should be constexpr,,,,,,,,,,,,,,,,,,,,,,,,,,,,,,,,,
third_party/blink//renderer/platform/fonts/font_selection_types.h,256,const FontSelectionValue,Link,Yes,No,No,Yes,Should be constexpr,,,,,,,,,,,,,,,,,,,,,,,,,,,,,,,,,
third_party/blink//renderer/platform/fonts/font_selection_types.h,262,const FontSelectionValue,Link,Yes,No,No,Yes,Should be constexpr,,,,,,,,,,,,,,,,,,,,,,,,,,,,,,,,,
third_party/blink//renderer/platform/fonts/font_selection_types.h,268,const FontSelectionValue,Link,Yes,No,No,Yes,Should be constexpr,,,,,,,,,,,,,,,,,,,,,,,,,,,,,,,,,
third_party/blink//renderer/platform/fonts/font_selection_types.h,274,const FontSelectionValue,Link,Yes,No,No,Yes,Should be constexpr,,,,,,,,,,,,,,,,,,,,,,,,,,,,,,,,,
third_party/blink//renderer/platform/fonts/font_selection_types.h,280,const FontSelectionValue,Link,Yes,No,No,Yes,Should be constexpr,,,,,,,,,,,,,,,,,,,,,,,,,,,,,,,,,
third_party/blink//renderer/platform/fonts/font_selection_types.h,286,const FontSelectionValue,Link,Yes,No,No,Yes,Should be constexpr,,,,,,,,,,,,,,,,,,,,,,,,,,,,,,,,,
third_party/blink//renderer/platform/fonts/font_selection_types.h,292,const FontSelectionValue,Link,Yes,No,No,Yes,Should be constexpr,,,,,,,,,,,,,,,,,,,,,,,,,,,,,,,,,
third_party/blink//renderer/platform/fonts/font_selection_types.h,298,const FontSelectionValue,Link,Yes,No,No,Yes,Should be constexpr,,,,,,,,,,,,,,,,,,,,,,,,,,,,,,,,,
third_party/blink//renderer/platform/fonts/font_selection_types.h,304,const FontSelectionValue,Link,Yes,No,No,Yes,Should be constexpr,,,,,,,,,,,,,,,,,,,,,,,,,,,,,,,,,
third_party/blink//renderer/platform/fonts/fuchsia/font_cache_fuchsia.cc,32,AtomicString,Link,No,No,No,No,,,,,,,,,,,,,,,,,,,,,,,,,,,,,,,,,,
third_party/blink//renderer/platform/fonts/linux/font_cache_linux.cc,39,AtomicString,Link,No,No,No,No,,,,,,,,,,,,,,,,,,,,,,,,,,,,,,,,,,
third_party/blink//renderer/platform/fonts/script_run_iterator_test.cc,33,const MockScriptData,Link,Yes,No,No,Yes,,,,,,,,,,,,,,,,,,,,,,,,,,,,,,,,,,
third_party/blink//renderer/platform/fonts/script_run_iterator.cc,136,const ICUScriptData,Link,Yes,No,No,Yes,,,,,,,,,,,,,,,,,,,,,,,,,,,,,,,,,,
third_party/blink//renderer/platform/fonts/shaping/harfbuzz_face.cc,349,BooleanHistogram,Link,No,No,No,No,Histogram,,,,,,,,,,,,,,,,,,,,,,,,,,,,,,,,,
third_party/blink//renderer/platform/fonts/skia/font_cache_skia.cc,126,const FontFaceCreationParams,Link,Yes,No,No,Yes,Should be constexpr,,,,,,,,,,,,,,,,,,,,,,,,,,,,,,,,,
third_party/blink//renderer/platform/fonts/skia/font_cache_skia.cc,133,const FontFaceCreationParams,Link,Yes,No,No,Yes,Should be constexpr,,,,,,,,,,,,,,,,,,,,,,,,,,,,,,,,,
third_party/blink//renderer/platform/fonts/skia/font_cache_skia.cc,142,const FontFaceCreationParams,Link,Yes,No,No,Yes,Should be constexpr,,,,,,,,,,,,,,,,,,,,,,,,,,,,,,,,,
third_party/blink//renderer/platform/fonts/skia/font_cache_skia.cc,150,const FontFaceCreationParams,Link,Yes,No,No,Yes,Should be constexpr,,,,,,,,,,,,,,,,,,,,,,,,,,,,,,,,,
third_party/blink//renderer/platform/fonts/skia/font_cache_skia.cc,158,const FontFaceCreationParams,Link,Yes,No,No,Yes,Should be constexpr,,,,,,,,,,,,,,,,,,,,,,,,,,,,,,,,,
third_party/blink//renderer/platform/fonts/skia/font_cache_skia.cc,165,const FontFaceCreationParams,Link,Yes,No,No,Yes,Should be constexpr,,,,,,,,,,,,,,,,,,,,,,,,,,,,,,,,,
third_party/blink//renderer/platform/fonts/skia/font_cache_skia.cc,172,const FontFaceCreationParams,Link,Yes,No,No,Yes,Should be constexpr,,,,,,,,,,,,,,,,,,,,,,,,,,,,,,,,,
third_party/blink//renderer/platform/fonts/skia/font_cache_skia.cc,180,const FontFaceCreationParams,Link,Yes,No,No,Yes,Should be constexpr,,,,,,,,,,,,,,,,,,,,,,,,,,,,,,,,,
third_party/blink//renderer/platform/fonts/web_font_decoder.cc,157,CustomCountHistogram,Link,No,No,No,No,Histogram,,,,,,,,,,,,,,,,,,,,,,,,,,,,,,,,,
third_party/blink//renderer/platform/fonts/web_font_decoder.cc,165,CustomCountHistogram,Link,No,No,No,No,Histogram,,,,,,,,,,,,,,,,,,,,,,,,,,,,,,,,,
third_party/blink//renderer/platform/fonts/web_font_decoder.cc,173,CustomCountHistogram,Link,No,No,No,No,Histogram,,,,,,,,,,,,,,,,,,,,,,,,,,,,,,,,,
third_party/blink//renderer/platform/fonts/web_font_typeface_factory.cc,147,EnumerationHistogram,Link,No,No,No,No,Histogram,,,,,,,,,,,,,,,,,,,,,,,,,,,,,,,,,
third_party/blink//renderer/platform/fonts/win/font_unique_name_lookup_win.cc,104,EnumerationHistogram,Link,No,No,No,No,Histogram,,,,,,,,,,,,,,,,,,,,,,,,,,,,,,,,,
third_party/blink//renderer/platform/graphics/bitmap_image_metrics.cc,34,EnumerationHistogram,Link,No,No,No,No,Histogram,,,,,,,,,,,,,,,,,,,,,,,,,,,,,,,,,
third_party/blink//renderer/platform/graphics/bitmap_image_metrics.cc,42,EnumerationHistogram,Link,No,No,No,No,Histogram,,,,,,,,,,,,,,,,,,,,,,,,,,,,,,,,,
third_party/blink//renderer/platform/graphics/bitmap_image_metrics.cc,53,CustomCountHistogram,Link,No,No,No,No,Histogram,,,,,,,,,,,,,,,,,,,,,,,,,,,,,,,,,
third_party/blink//renderer/platform/graphics/bitmap_image_metrics.cc,59,CustomCountHistogram,Link,No,No,No,No,Histogram,,,,,,,,,,,,,,,,,,,,,,,,,,,,,,,,,
third_party/blink//renderer/platform/graphics/bitmap_image_metrics.cc,65,CustomCountHistogram,Link,No,No,No,No,Histogram,,,,,,,,,,,,,,,,,,,,,,,,,,,,,,,,,
third_party/blink//renderer/platform/graphics/bitmap_image_metrics.cc,77,EnumerationHistogram,Link,No,No,No,No,Histogram,,,,,,,,,,,,,,,,,,,,,,,,,,,,,,,,,
third_party/blink//renderer/platform/graphics/bitmap_image_metrics.cc,81,EnumerationHistogram,Link,No,No,No,No,Histogram,,,,,,,,,,,,,,,,,,,,,,,,,,,,,,,,,
third_party/blink//renderer/platform/graphics/bitmap_image_metrics.cc,89,CustomCountHistogram,Link,No,No,No,No,Histogram,,,,,,,,,,,,,,,,,,,,,,,,,,,,,,,,,
third_party/blink//renderer/platform/graphics/bitmap_image_metrics.cc,100,EnumerationHistogram,Link,No,No,No,No,Histogram,,,,,,,,,,,,,,,,,,,,,,,,,,,,,,,,,
third_party/blink//renderer/platform/graphics/gpu/shared_gpu_context.cc,20,ThreadSpecific<SharedGpuContext>,Link,No,No,,,,,,,,,,,,,,,,,,,,,,,,,,,,,,,,,,,,
third_party/blink//renderer/platform/graphics/image_decoding_store.cc,59,ImageDecodingStore,Link,No,No,No,,,,,,,,,,,,,,,,,,,,,,,,,,,,,,,,,,,
third_party/blink//renderer/platform/graphics/image.cc,82,cc::SoftwareImageDecodeCache,Link,No,No,No,,,,,,,,,,,,,,,,,,,,,,,,,,,,,,,,,,,
third_party/blink//renderer/platform/graphics/image.cc,88,cc::SoftwareImageDecodeCache,Link,No,No,No,,,,,,,,,,,,,,,,,,,,,,,,,,,,,,,,,,,
third_party/blink//renderer/platform/heap/heap_test.cc,5812,ThreadSpecific<Persistent<IntWrapper>>,Link,No,Yes,No,,Meant to be Isolate bound,,,,,,,,,,,,,,,,,,,,,,,,,,,,,,,,,
third_party/blink//renderer/platform/heap/heap_test.cc,5852,ThreadSpecific<Persistent<WeakHeapObjectSet>>,Link,No,Yes,No,,Meant to be Isolate bound,,,,,,,,,,,,,,,,,,,,,,,,,,,,,,,,,
third_party/blink//renderer/platform/heap/heap_test.cc,5864,ThreadSpecific<Persistent<HeapObjectSet>>,Link,No,Yes,No,,Meant to be Isolate bound,,,,,,,,,,,,,,,,,,,,,,,,,,,,,,,,,
third_party/blink//renderer/platform/heap/heap_thread_test.cc,21,Mutex,Link,No,No,No,No,,,,,,,,,,,,,,,,,,,,,,,,,,,,,,,,,,
third_party/blink//renderer/platform/heap/heap_thread_test.cc,26,ThreadCondition,Link,No,No,No,,,,,,,,,,,,,,,,,,,,,,,,,,,,,,,,,,,
third_party/blink//renderer/platform/heap/heap_thread_test.cc,38,ActiveThreadState,Link,No,No,No,,,,,,,,,,,,,,,,,,,,,,,,,,,,,,,,,,,
third_party/blink//renderer/platform/heap/process_heap.cc,48,CrossThreadPersistentRegion,Link,No,Yes,No,,,,,,,,,,,,,,,,,,,,,,,,,,,,,,,,,,,
third_party/blink//renderer/platform/heap/process_heap.cc,54,CrossThreadPersistentRegion,Link,No,Yes,No,,,,,,,,,,,,,,,,,,,,,,,,,,,,,,,,,,,
third_party/blink//renderer/platform/heap/process_heap.cc,60,Mutex,Link,No,No,No,No,,,,,,,,,,,,,,,,,,,,,,,,,,,,,,,,,,
third_party/blink//renderer/platform/heap/thread_state.cc,1654,CustomCountHistogram,Link,No,No,No,No,Histogram,,,,,,,,,,,,,,,,,,,,,,,,,,,,,,,,,
third_party/blink//renderer/platform/heap/thread_state.cc,1659,CustomCountHistogram,Link,No,No,No,No,Histogram,,,,,,,,,,,,,,,,,,,,,,,,,,,,,,,,,
third_party/blink//renderer/platform/image-decoders/webp/webp_image_decoder.cc,151,blink::EnumerationHistogram,Link,No,No,No,No,Histogram,,,,,,,,,,,,,,,,,,,,,,,,,,,,,,,,,
third_party/blink//renderer/platform/language.cc,54,ThreadSpecific<Vector<AtomicString>>,Link,No,No,Yes,No,,,,,,,,,,,,,,,,,,,,,,,,,,,,,,,,,,
third_party/blink//renderer/platform/loader/cors/cors.cc,40,ThreadSpecific<network::cors::PreflightCache>,Link,No,No,Yes,No,,,,,,,,,,,,,,,,,,,,,,,,,,,,,,,,,,
third_party/blink//renderer/platform/loader/cors/cors.cc,438,WebHTTPHeaderSet,Link,No,No,No,Yes,,,,,,,,,,,,,,,,,,,,,,,,,,,,,,,,,,
third_party/blink//renderer/platform/loader/fetch/resource_fetcher.cc,95,EnumerationHistogram,Link,No,No,No,No,Histogram,,,,,,,,,,,,,,,,,,,,,,,,,,,,,,,,,
third_party/blink//renderer/platform/loader/fetch/resource_fetcher.cc,182,bool,Link,No,No,No,No,,,,,,,,,,,,,,,,,,,,,,,,,,,,,,,,,,
third_party/blink//renderer/platform/loader/fetch/resource_fetcher.cc,192,ThreadSpecific<PriorityObserverMap>,Link,No,No,,No,,,,,,,,,,,,,,,,,,,,,,,,,,,,,,,,,,
third_party/blink//renderer/platform/loader/fetch/resource_fetcher.cc,764,BooleanHistogram,Link,No,No,No,No,Histogram,,,,,,,,,,,,,,,,,,,,,,,,,,,,,,,,,
third_party/blink//renderer/platform/memory_pressure_listener.cc,63,CrossThreadPersistent<MemoryPressureListenerRegistry>,Link,No,Yes,No,No,,,,,,,,,,,,,,,,,,,,,,,,,,,,,,,,,,
third_party/blink//renderer/platform/network/network_state_notifier.cc,73,NetworkStateNotifier,Link,No,No,No,No,,,,,,,,,,,,,,,,,,,,,,,,,,,,,,,,,,
third_party/blink//renderer/platform/scheduler/common/cooperative_scheduling_manager.cc,26,ThreadSpecific<CooperativeSchedulingManager>,Link,No,No,Yes,No,"Doesn't matter, kill it!",,,,,,,,,,,,,,,,,,,,,,,,,,,,,,,,,
third_party/blink//renderer/platform/scheduler/common/thread.cc,34,WTF::ThreadSpecific<Thread*>,Link,No,No,Yes,No,,,,,,,,,,,,,,,,,,,,,,,,,,,,,,,,,,
third_party/blink//renderer/platform/testing/testing_platform_support.cc,80,ScopedOverrideMojoInterface::GetInterfaceCallback,Link,No,No,No,,Used only for tests.,,,,,,,,,,,,,,,,,,,,,,,,,,,,,,,,,
third_party/blink//renderer/platform/text/character_emoji.cc,16,Mutex,Link,No,No,No,No,Should be const,,,,,,,,,,,,,,,,,,,,,,,,,,,,,,,,,
third_party/blink//renderer/platform/text/character_emoji.cc,225,icu::UnicodeSet,Link,No,No,No,Yes,Should be const,,,,,,,,,,,,,,,,,,,,,,,,,,,,,,,,,
third_party/blink//renderer/platform/text/character_emoji.cc,231,icu::UnicodeSet,Link,No,No,No,Yes,Should be const,,,,,,,,,,,,,,,,,,,,,,,,,,,,,,,,,
third_party/blink//renderer/platform/text/character_emoji.cc,237,icu::UnicodeSet,Link,No,No,No,Yes,Should be const,,,,,,,,,,,,,,,,,,,,,,,,,,,,,,,,,
third_party/blink//renderer/platform/text/layout_locale.cc,35,ThreadSpecific<PerThreadData>,Link,No,No,Yes,No,,,,,,,,,,,,,,,,,,,,,,,,,,,,,,,,,,
third_party/blink//renderer/platform/text/text_break_iterator_icu.cc,726,ThreadSpecific<std::unique_ptr<TextBreakIterator>>,Link,No,No,,No,,,,,,,,,,,,,,,,,,,,,,,,,,,,,,,,,,
third_party/blink//renderer/platform/text/text_break_iterator_icu.cc,947,ThreadSpecific<std::unique_ptr<icu::RuleBasedBreakIterator>>,Link,No,No,,,,,,,,,,,,,,,,,,,,,,,,,,,,,,,,,,,,
third_party/blink//renderer/platform/text/text_break_iterator_internal_icu.cc,34,const std::string,Link,Yes,No,No,Yes,,,,,,,,,,,,,,,,,,,,,,,,,,,,,,,,,,
third_party/blink//renderer/platform/weborigin/kurl.cc,191,KURL,Link,No,No,No,Yes,,,,,,,,,,,,,,,,,,,,,,,,,,,,,,,,,,
third_party/blink//renderer/platform/weborigin/security_policy.cc,54,Mutex,Link,No,No,No,No,,,,,,,,,,,,,,,,,,,,,,,,,,,,,,,,,,
third_party/blink//renderer/platform/weborigin/security_policy.cc,59,network::cors::OriginAccessList,Link,No,No,No,No,,,,,,,,,,,,,,,,,,,,,,,,,,,,,,,,,,
third_party/blink//renderer/platform/wtf/hash_table.cc,30,Mutex,Link,No,No,No,No,,,,,,,,,,,,,,,,,,,,,,,,,,,,,,,,,,
third_party/blink//renderer/platform/wtf/hash_table.cc,35,HashTableStats,Link,No,No,No,No,,,,,,,,,,,,,,,,,,,,,,,,,,,,,,,,,,
third_party/blink//renderer/platform/wtf/scoped_logger.cc,93,ThreadSpecific<ScopedLogger*>,Link,No,No,Yes,No,,,,,,,,,,,,,,,,,,,,,,,,,,,,,,,,,,
third_party/blink//renderer/platform/wtf/text/text_encoding.cc,111,const TextEncoding,Link,Yes,No,No,Yes,Should be constexpr,,,,,,,,,,,,,,,,,,,,,,,,,,,,,,,,,
third_party/blink//renderer/platform/wtf/text/text_encoding.cc,117,const TextEncoding,Link,Yes,No,No,Yes,Should be constexpr,,,,,,,,,,,,,,,,,,,,,,,,,,,,,,,,,
third_party/blink//renderer/platform/wtf/text/text_encoding.cc,123,const TextEncoding,Link,Yes,No,No,Yes,Should be constexpr,,,,,,,,,,,,,,,,,,,,,,,,,,,,,,,,,
third_party/blink//renderer/platform/wtf/text/text_encoding.cc,129,const TextEncoding,Link,Yes,No,No,Yes,Should be constexpr,,,,,,,,,,,,,,,,,,,,,,,,,,,,,,,,,
third_party/blink//renderer/platform/wtf/text/text_encoding.cc,135,const TextEncoding,Link,Yes,No,No,Yes,Should be constexpr,,,,,,,,,,,,,,,,,,,,,,,,,,,,,,,,,
third_party/blink//renderer/platform/wtf/text/text_encoding.cc,142,const TextEncoding,Link,Yes,No,No,Yes,Should be constexpr,,,,,,,,,,,,,,\,,,,,,,,,,,,,,,,,,,
third_party/blink//renderer/platform/wtf/text/text_encoding.cc,148,const TextEncoding,Link,Yes,No,No,Yes,Should be constexpr,,,,,,,,,,,,,,,,,,,,,,,,,,,,,,,,,